1715196022920532750,2.70359,-0.685063,0.0626407,0.244234,-0.787408,Three
1715196022924547150,2.7011,-0.687238,0.062868,0.257125,-0.802641,Three
1715196022932575950,2.67102,-0.685488,0.062121,0.308179,-0.859047,Three
1715196022936590350,2.66789,-0.6879,0.0627934,0.327958,-0.881382,Three
1715196022944619150,2.62287,-0.680602,0.0622632,0.38068,-0.937995,Three
1715196022948633550,2.59752,-0.675986,0.0625356,0.407129,-0.966707,Three
1715196022956662350,2.61941,-0.687519,0.0617885,0.426546,-0.990129,Three
1715196022960676750,2.65906,-0.701758,0.0622168,0.420931,-0.986343,Three
1715196022968705550,2.61816,-0.694883,0.0618335,0.465682,-1.03442,Three
1715196022972719950,2.64571,-0.705635,0.0620381,0.467668,-1.03811,Three
1715196022980748750,2.65744,-0.713893,0.0619306,0.491518,-1.0658,Three
1715196022984763150,2.81257,-0.389957,0.0581793,-0.971731,0.658832,Three
1715196022992791950,2.7931,-0.390359,0.0585174,-0.949327,0.634217,Three
1715196022996724154,2.75849,-0.386606,0.0583563,-0.945993,0.629274,Three
1715196023004752954,2.76426,-0.391145,0.0585822,-0.919688,0.600369,Three
1715196023012781754,2.74964,-0.392549,0.0583939,-0.897736,0.575855,Three
1715196023016796154,2.75773,-0.395913,0.0581791,-0.878099,0.554658,Three
1715196023024824954,2.72768,-0.39501,0.0577319,-0.865633,0.538875,Three
1715196023032853754,2.70389,-0.395043,0.0577228,-0.84865,0.518734,Three
1715196023036868154,2.71799,-0.399524,0.0575627,-0.82672,0.495732,Three
1715196023044896954,2.70008,-0.400661,0.0575537,-0.810136,0.47565,Three
1715196023048911354,2.69927,-0.40259,0.0575459,-0.793903,0.458142,Three
1715196023056940154,2.69675,-0.406275,0.0576429,-0.767673,0.428978,Three
1715196023064968954,2.69651,-0.411065,0.0576411,-0.739587,0.397619,Three
1715196023072997754,2.69377,-0.414598,0.0570824,-0.711667,0.366889,Three
1715196023077012154,2.6726,-0.41353,0.0572036,-0.713699,0.366478,Three
1715196023085040954,2.68642,-0.420443,0.057536,-0.674713,0.325031,Three
1715196023089055354,2.65438,-0.416793,0.057161,-0.685234,0.333955,Three
1715196023097084154,2.65353,-0.421547,0.0572022,-0.655071,0.30029,Three
1715196023105112954,2.69296,-0.433523,0.0573453,-0.595808,0.237716,Three
1715196023109127354,2.64278,-0.426899,0.0571254,-0.62595,0.265996,Three
1715196023117156154,2.6476,-0.432825,0.0571931,-0.593824,0.229484,Three
1715196023121170554,2.6469,-0.435141,0.0566917,-0.583819,0.217722,Three
1715196023129199354,2.61801,-0.43478,0.0566005,-0.580446,0.210257,Three
1715196023133213754,2.63041,-0.439559,0.0560206,-0.556896,0.185716,Three
1715196023141242554,2.63948,-0.446256,0.0559945,-0.521496,0.146318,Three
1715196023145256954,2.62296,-0.445385,0.0561709,-0.523282,0.146024,Three
1715196023153285754,2.63143,-0.451928,0.0563214,-0.486357,0.106122,Three
1715196023157300154,2.63337,-0.454859,0.0561335,-0.468978,0.086898,Three
1715196023165328954,2.64283,-0.461622,0.0565333,-0.432759,0.0471799,Three
1715196023169343354,2.63343,-0.462377,0.0562852,-0.425823,0.0384149,Three
1715196023177372154,2.62238,-0.46467,0.0562863,-0.426883,0.0356972,Three
1715196023181386554,2.61299,-0.465585,0.0559231,-0.407112,0.0140176,Three
1715196023189415354,2.6131,-0.470204,0.0556449,-0.416654,0.0196289,Three
1715196023193429754,2.60716,-0.472123,0.0555003,-0.390165,-0.00907078,Three
1715196023201458554,2.61765,-0.478972,0.055447,-0.353971,-0.0486459,Three
1715196023205472954,2.61737,-0.481732,0.0553996,-0.330583,-0.0735846,Three
1715196023213501754,2.62326,-0.48794,0.0555326,-0.312098,-0.0966543,Three
1715196023217516154,2.61481,-0.488846,0.0555959,-0.276185,-0.133847,Three
1715196023225544954,2.61731,-0.494574,0.0551606,-0.25503,-0.159311,Three
1715196023229559354,2.61865,-0.497303,0.0553542,-0.239758,-0.176341,Three
1715196023237588154,2.61815,-0.502392,0.0553299,-0.239941,-0.180538,Three
1715196023245616954,2.62388,-0.508852,0.0554571,-0.181639,-0.242,Three
1715196023249631354,2.60741,-0.507831,0.055195,-0.197065,-0.22839,Three
1715196023257660154,2.60586,-0.512453,0.0553987,-0.181059,-0.247988,Three
1715196023265688954,2.59882,-0.516115,0.0549876,-0.139443,-0.292835,Three
1715196023273717754,2.60631,-0.523134,0.0553761,-0.131916,-0.304812,Three
1715196023277732154,2.60102,-0.524292,0.0548798,-0.11235,-0.326048,Three
1715196023285760954,2.59661,-0.528187,0.0550126,-0.101024,-0.341448,Three
1715196023293789754,2.60041,-0.534251,0.0548296,-0.0594104,-0.38677,Three
1715196023297804154,2.6157,-0.539981,0.0550302,-0.0729879,-0.374338,Three
1715196023305832954,2.60661,-0.54345,0.0549878,-0.0552856,-0.39606,Three
1715196023313861754,2.6142,-0.549983,0.0548457,-0.0295116,-0.425794,Three
1715196023317876154,2.60691,-0.550751,0.0547306,-0.00734531,-0.450237,Three
1715196023325904954,2.60727,-0.556114,0.0547229,0.0140752,-0.475433,Three
1715196023333933754,2.60458,-0.560552,0.0545433,0.0435001,-0.508453,Three
1715196023337948154,2.60574,-0.563279,0.0545096,0.0551135,-0.521892,Three
1715196023345976954,2.59634,-0.565722,0.0544391,0.090335,-0.560355,Three
1715196023354005754,2.59902,-0.571277,0.0545224,0.114999,-0.58862,Three
1715196023358020154,2.59811,-0.573668,0.0544502,0.120185,-0.595693,Three
1715196023366048954,2.60108,-0.579005,0.0543769,0.144023,-0.62275,Three
1715196023370063354,2.60001,-0.581396,0.0543421,0.160974,-0.64161,Three
1715196023378092154,2.60853,-0.588193,0.0542132,0.180499,-0.665026,Three
1715196023382106554,2.59831,-0.587933,0.0539892,0.201141,-0.687679,Three
1715196023390135354,2.61015,-0.595444,0.0539032,0.215199,-0.704579,Three
1715196023394149754,2.63451,-0.603945,0.0539148,0.208589,-0.7002,Three
1715196023402178554,2.61699,-0.604041,0.0538086,0.250948,-0.745222,Three
1715196023406192954,2.61495,-0.606074,0.0538753,0.261933,-0.758075,Three
1715196023414221754,2.63311,-0.615137,0.0538688,0.277656,-0.777365,Three
1715196023418236154,2.62874,-0.616221,0.054176,0.292856,-0.794162,Three
1715196023426264954,2.64045,-0.623582,0.0539143,0.31012,-0.81452,Three
1715196023430279354,2.64225,-0.626192,0.053829,0.325214,-0.831092,Three
1715196023438308154,2.62987,-0.627421,0.0537739,0.360787,-0.869721,Three
1715196023442322554,2.65943,-0.637111,0.0537562,0.356193,-0.867005,Three
1715196023450351354,2.6605,-0.641611,0.0534377,0.378202,-0.891917,Three
1715196023454365754,2.65955,-0.64357,0.0535862,0.394255,-0.909531,Three
1715196023462394554,2.66538,-0.648891,0.0537271,0.419952,-0.937797,Three
1715196023466408954,2.65972,-0.64965,0.053848,0.43838,-0.95788,Three
1715196023474437754,2.68761,-0.660928,0.0538129,0.449797,-0.972335,Three
1715196023478452154,2.6853,-0.662132,0.0536365,0.464114,-0.987908,Three
1715196023486480954,2.69277,-0.668007,0.0535174,0.487007,-1.01352,Three
1715196023490495354,2.68747,-0.668398,0.0536984,0.504955,-1.03277,Three
1715196023498524154,2.7787,-0.330148,0.0581906,-0.930904,0.665274,Three
1715196023502538554,2.77386,-0.332158,0.0577524,-0.919214,0.651352,Three
1715196023510567354,2.80276,-0.340833,0.0582845,-0.876735,0.605168,Three
1715196023514581754,2.82049,-0.346058,0.0581843,-0.854021,0.579992,Three
1715196023522610554,2.81822,-0.351311,0.0588905,-0.822436,0.543969,Three
1715196023550711354,2.77381,-0.365665,0.060766,-0.727447,0.430774,Three
1715196023558740154,2.77106,-0.371363,0.060593,-0.700953,0.399188,Three
1715196023562754554,2.71332,-0.365544,0.0606331,-0.716696,0.411767,Three
1715196023570783354,2.6892,-0.368096,0.0608294,-0.700316,0.390181,Three
1715196023578812154,2.65132,-0.3679,0.0607424,-0.696243,0.381221,Three
1715196023586840954,2.63948,-0.372118,0.0605274,-0.67469,0.355301,Three
1715196023590855354,2.61976,-0.371716,0.0606701,-0.666086,0.343872,Three
1715196023598884154,2.60919,-0.376172,0.060609,-0.65326,0.326511,Three
1715196023606912954,2.58815,-0.378619,0.059866,-0.641919,0.310975,Three
1715196023610927354,2.5652,-0.377788,0.060019,-0.642381,0.308735,Three
1715196023618956154,2.58559,-0.387559,0.060135,-0.602189,0.263423,Three
1715196023622970554,2.57026,-0.388027,0.0600343,-0.599532,0.258873,Three
1715196023630999354,2.56246,-0.392974,0.0599525,-0.577633,0.232246,Three
1715196023635013754,2.58416,-0.399989,0.0598926,-0.546204,0.198091,Three
1715196023643042554,2.58188,-0.406037,0.0597476,-0.516195,0.163209,Three
1715196023651071354,2.58379,-0.413253,0.0597886,-0.487438,0.129325,Three
1715196023655085754,2.58486,-0.416944,0.0594669,-0.463754,0.102573,Three
1715196023663114554,2.56229,-0.419546,0.0593813,-0.472878,0.106634,Three
1715196023671143354,2.55629,-0.425267,0.0589879,-0.449625,0.0782174,Three
1715196023679172154,2.56072,-0.433018,0.0592059,-0.405828,0.0291575,Three
1715196023687200954,2.56499,-0.440837,0.0591296,-0.369863,-0.0120087,Three
1715196023691215354,2.52917,-0.437334,0.0589958,-0.423472,0.0388727,Three
1715196023699244154,2.5558,-0.449821,0.0587861,-0.347027,-0.0429888,Three
1715196023707272954,2.55739,-0.457541,0.0595699,-0.30208,-0.0939483,Three
1715196023711287354,2.55279,-0.46,0.0594132,-0.297815,-0.100287,Three
1715196023719316154,2.54417,-0.465707,0.0595229,-0.289505,-0.115316,Three
1715196023727344954,2.55374,-0.47513,0.0591441,-0.261904,-0.14858,Three
1715196023731359354,2.54761,-0.47749,0.0590949,-0.245887,-0.166848,Three
1715196023739388154,2.53926,-0.483113,0.0588929,-0.290227,-0.128061,Three
1715196023747416954,2.53622,-0.489981,0.0582083,-0.216987,-0.207493,Three
1715196023751431354,2.53556,-0.493567,0.0582966,-0.20584,-0.221459,Three
1715196023759460154,2.54416,-0.502556,0.0586018,-0.209995,-0.223191,Three
1715196023767488954,2.53804,-0.508267,0.0586711,-0.152571,-0.285361,Three
1715196023771503354,2.5373,-0.51183,0.058242,-0.155224,-0.285463,Three
1715196023779532154,2.53994,-0.51941,0.0587497,-0.128025,-0.317865,Three
1715196023787560954,2.53844,-0.52635,0.0585463,-0.0950258,-0.356808,Three
1715196023791575354,2.54665,-0.531482,0.0582847,-0.127493,-0.326278,Three
1715196023799604154,2.52592,-0.533621,0.0581525,-0.0691927,-0.390286,Three
1715196023807632954,2.52681,-0.540879,0.0583181,-0.0400264,-0.425246,Three
1715196023815661754,2.55071,-0.553529,0.05864,-0.0692034,-0.400888,Three
1715196023819676154,2.54503,-0.55541,0.0582638,-0.0379733,-0.435005,Three
1715196023827704954,2.51203,-0.554257,0.058138,0.0507861,-0.52831,Three
1715196023835733754,2.5523,-0.570469,0.0580218,-0.00603496,-0.476246,Three
1715196023839748154,2.53764,-0.570431,0.0578125,0.0391792,-0.524622,Three
1715196023847776954,2.5364,-0.576815,0.0579041,0.0717108,-0.562119,Three
1715196023855805754,2.56571,-0.590681,0.0580003,0.0591821,-0.554543,Three
1715196023859820154,2.56943,-0.595062,0.0579293,0.0704345,-0.56825,Three
1715196023867848954,2.56067,-0.599313,0.057904,0.110951,-0.613947,Three
1715196023875877754,2.56108,-0.605722,0.0583479,0.134379,-0.641804,Three
1715196023879892154,2.56729,-0.610659,0.057977,0.147697,-0.657525,Three
1715196023883906554,2.54201,-0.607238,0.0578939,0.183581,-0.696166,Three
1715196023891935354,2.55264,-0.616326,0.058217,0.199612,-0.71687,Three
1715196023895949754,2.56123,-0.621704,0.0579749,0.207401,-0.727431,Three
1715196023899964154,2.5243,-0.61641,0.0584019,0.19952,-0.722662,Three
1715196023907992954,2.60199,-0.641562,0.0583063,0.214837,-0.741658,Three
1715196023912007354,2.61169,-0.647218,0.0580047,0.225886,-0.754892,Three
1715196023920036154,2.63151,-0.658876,0.0584795,0.239263,-0.772995,Three
1715196023924050554,2.70591,-0.683041,0.0586433,0.202094,-0.738772,Three
1715196023932079354,2.70633,-0.689794,0.0592568,0.234548,-0.777454,Three
1715196023964194554,3.08428,-0.420491,0.0594004,-0.972148,0.669664,Three
1715196023968208954,3.00775,-0.409342,0.0590417,-0.95225,0.64799,Three
1715196023972223354,2.94777,-0.403724,0.0586648,-0.994843,0.68826,Three
1715196023980252154,2.64338,-0.70717,0.0605552,0.449964,-1.02221,Three
1715196023984266554,2.64932,-0.712014,0.0601249,0.465693,-1.04006,Three
1715196023992295354,2.80029,-0.389036,0.0583806,-0.97257,0.659178,Three
1715196023996309754,2.84366,-0.397831,0.0584079,-0.944531,0.629333,Three
1715196024004338554,2.8593,-0.403776,0.0580182,-0.905831,0.588835,Three
1715196024008352954,2.87519,-0.408459,0.0576967,-0.886156,0.567752,Three
1715196024016381754,2.74461,-0.389951,0.0578166,-0.910605,0.590529,Three
1715196024020396154,2.758,-0.394199,0.0572577,-0.890114,0.568336,Three
1715196024028424954,2.77988,-0.401665,0.0578276,-0.850996,0.526096,Three
1715196024032439354,2.79831,-0.406332,0.0579972,-0.827797,0.501973,Three
1715196024040468154,2.75175,-0.403194,0.0576089,-0.821679,0.492144,Three
1715196024044482554,2.75017,-0.404901,0.0582461,-0.80678,0.475851,Three
1715196024052511354,2.75182,-0.40956,0.0579347,-0.776406,0.442132,Three
1715196024056525754,2.71052,-0.40487,0.0576479,-0.785112,0.449013,Three
1715196024064554554,2.72832,-0.412475,0.0577416,-0.745075,0.405255,Three
1715196024068568954,2.70475,-0.410637,0.0576184,-0.745417,0.4043,Three
1715196024076597754,2.68372,-0.410977,0.0572526,-0.73249,0.388025,Three
1715196024080612154,2.6825,-0.413048,0.0576136,-0.717298,0.371216,Three
1715196024088640954,2.67944,-0.416841,0.0569341,-0.687969,0.338744,Three
1715196024092655354,2.67907,-0.418865,0.0571669,-0.676681,0.326045,Three
1715196024100684154,2.65558,-0.419266,0.0566794,-0.665999,0.311764,Three
1715196024104698554,2.67318,-0.424804,0.0567945,-0.637713,0.282312,Three
1715196024112727354,2.67337,-0.429835,0.0568643,-0.606701,0.247835,Three
1715196024116741754,2.6718,-0.431923,0.0567925,-0.59259,0.231266,Three
1715196024124770554,2.69949,-0.441747,0.0568994,-0.529276,0.165247,Three
1715196024132799354,2.66887,-0.44084,0.0569286,-0.533727,0.165922,Three
1715196024140828154,2.65078,-0.44245,0.0568075,-0.532218,0.161373,Three
1715196024144842554,2.62694,-0.440833,0.0563176,-0.535467,0.161963,Three
1715196024152871354,2.639,-0.44833,0.0560544,-0.492677,0.116008,Three
1715196024160900154,2.64307,-0.454508,0.0556773,-0.462351,0.0808771,Three
1715196024164914554,2.64875,-0.458016,0.0560196,-0.441213,0.0590979,Three
1715196024172943354,2.6401,-0.461489,0.0556502,-0.421455,0.0355706,Three
1715196024180972154,2.65107,-0.469023,0.0552158,-0.369958,-0.019729,Three
1715196024189000954,2.6076,-0.464967,0.0554273,-0.423016,0.0294424,Three
1715196024193015354,2.64713,-0.475634,0.0556456,-0.325912,-0.0700104,Three
1715196024197029754,2.64471,-0.47813,0.055559,-0.316501,-0.0815315,Three
1715196024205058554,2.63261,-0.480882,0.0556509,-0.270324,-0.131386,Three
1715196024209072954,2.62016,-0.480521,0.0558713,-0.325925,-0.0778301,Three
1715196024217101754,2.61788,-0.485336,0.0557481,-0.291184,-0.116419,Three
1715196024221116154,2.61943,-0.488174,0.055796,-0.307393,-0.101397,Three
1715196024229144954,2.61492,-0.492465,0.055508,-0.279737,-0.132784,Three
1715196024233159354,2.61633,-0.495331,0.0554119,-0.270439,-0.143919,Three
1715196024241188154,2.62045,-0.501563,0.0548135,-0.212811,-0.205876,Three
1715196024245202554,2.62012,-0.503974,0.0548691,-0.215273,-0.205188,Three
1715196024253231354,2.59852,-0.504331,0.0553038,-0.192849,-0.231712,Three
1715196024257245754,2.61857,-0.511284,0.0548308,-0.191277,-0.235159,Three
1715196024265274554,2.60663,-0.5142,0.0548343,-0.181723,-0.2487,Three
1715196024273303354,2.6026,-0.518379,0.0547784,-0.108078,-0.325902,Three
1715196024277317754,2.61123,-0.522426,0.0546487,-0.148327,-0.286711,Three
1715196024285346554,2.59378,-0.523628,0.0546743,-0.0854783,-0.353688,Three
1715196024293375354,2.5932,-0.52875,0.054996,-0.0607731,-0.382213,Three
1715196024297389754,2.60835,-0.534991,0.0548509,-0.107133,-0.338483,Three
1715196024305418554,2.60858,-0.539766,0.0544075,-0.111547,-0.33695,Three
1715196024309432954,2.60178,-0.540402,0.0543335,-0.0555955,-0.393867,Three
1715196024317461754,2.60661,-0.546807,0.0547191,-0.0331196,-0.421211,Three
1715196024321476154,2.61191,-0.550647,0.0549301,-0.0311091,-0.425151,Three
1715196024329504954,2.60761,-0.554299,0.0543744,-0.00104369,-0.458475,Three
1715196024333519354,2.60456,-0.556498,0.0544626,0.0294118,-0.490947,Three
1715196024341548154,2.60466,-0.561097,0.0544653,0.03214,-0.497048,Three
1715196024345562554,2.61396,-0.566291,0.0543607,0.0489608,-0.515937,Three
1715196024353591354,2.6046,-0.56848,0.0543052,0.0717213,-0.541879,Three
1715196024357605754,2.6067,-0.571753,0.0543904,0.0905037,-0.562688,Three
1715196024365634554,2.61208,-0.57786,0.0544085,0.110554,-0.586668,Three
1715196024369648954,2.60872,-0.579541,0.0541591,0.126184,-0.604484,Three
1715196024377677754,2.60411,-0.583037,0.0540939,0.147339,-0.628957,Three
1715196024381692154,2.60079,-0.584542,0.0544177,0.16871,-0.651173,Three
1715196024389720954,2.62629,-0.59555,0.054384,0.175086,-0.661405,Three
1715196024393735354,2.62515,-0.597451,0.054371,0.182911,-0.67081,Three
1715196024401764154,2.64376,-0.606844,0.0542987,0.196043,-0.687858,Three
1715196024405778554,2.64218,-0.608801,0.0544738,0.214934,-0.708425,Three
1715196024409792954,2.64393,-0.611294,0.0545751,0.22391,-0.718849,Three
1715196024417821754,2.65606,-0.618927,0.0541342,0.241748,-0.739899,Three
1715196024421836154,2.6454,-0.618728,0.0544885,0.265374,-0.765375,Three
1715196024429864954,2.62253,-0.617239,0.0541646,0.308166,-0.811633,Three
1715196024433879354,2.66839,-0.631195,0.0542736,0.289346,-0.79366,Three
1715196024437893754,2.64319,-0.626743,0.0546004,0.321134,-0.827293,Three
1715196024445922554,2.69305,-0.644059,0.0541109,0.318466,-0.827755,Three
1715196024449936954,2.64873,-0.634732,0.0539847,0.357376,-0.868882,Three
1715196024457965754,2.66597,-0.64343,0.0544008,0.375767,-0.889932,Three
1715196024461980154,2.66882,-0.64626,0.0543328,0.388558,-0.904337,Three
1715196024470008954,2.68976,-0.655936,0.0541282,0.404979,-0.924059,Three
1715196024474023354,2.67024,-0.652603,0.054529,0.430391,-0.950301,Three
1715196024482052154,2.72032,-0.669792,0.0544044,0.433737,-0.956448,Three
1715196024486066554,2.71898,-0.671396,0.0546155,0.446359,-0.97046,Three
1715196024494095354,2.84512,-0.333699,0.060749,-0.924693,0.66327,Three
1715196024498109754,2.82748,-0.334285,0.0607893,-0.916666,0.652977,Three
1715196024502124154,2.8186,-0.335122,0.0607027,-0.905668,0.640397,Three
1715196024510152954,2.84411,-0.344027,0.0609558,-0.863553,0.59418,Three
1715196024514167354,2.83581,-0.345774,0.0610873,-0.84834,0.576445,Three
1715196024542268154,2.78126,-0.358751,0.0627022,-0.764993,0.474308,Three
1715196024550296954,2.77263,-0.362628,0.0630467,-0.734882,0.439697,Three
1715196024554311354,2.74198,-0.361219,0.0628866,-0.735774,0.438035,Three
1715196024562340154,2.68613,-0.358049,0.0627822,-0.737709,0.43509,Three
1715196024566354554,2.66571,-0.357713,0.0621671,-0.733958,0.429318,Three
1715196024574383354,2.64486,-0.359846,0.0627783,-0.717032,0.408006,Three
1715196024578397754,2.6203,-0.358908,0.0624303,-0.718963,0.407202,Three
1715196024586426554,2.63245,-0.366625,0.0627288,-0.684174,0.367729,Three
1715196024590440954,2.61473,-0.366625,0.0625662,-0.679623,0.361275,Three
1715196024598469754,2.53163,-0.357861,0.0618346,-0.683393,0.360289,Three
1715196024602484154,2.60768,-0.374429,0.0623836,-0.644027,0.318885,Three
1715196024610512954,2.59839,-0.378934,0.0623198,-0.621795,0.292407,Three
1715196024614527354,2.60261,-0.38276,0.0625327,-0.603099,0.271015,Three
1715196024622556154,2.59252,-0.387215,0.062172,-0.583737,0.24661,Three
1715196024626570554,2.5977,-0.391403,0.0626558,-0.562806,0.223664,Three
1715196024634599354,2.58946,-0.396226,0.0625417,-0.546605,0.202499,Three
1715196024638613754,2.58617,-0.39879,0.0621915,-0.5312,0.185567,Three
1715196024646642554,2.58402,-0.405168,0.0618902,-0.510586,0.158895,Three
1715196024650656954,2.57959,-0.407873,0.0617023,-0.494525,0.140221,Three
1715196024654671354,2.57504,-0.410404,0.0615488,-0.488833,0.132102,Three
1715196024662700154,2.5817,-0.418264,0.0614795,-0.453381,0.0915228,Three
1715196024666714554,2.57325,-0.420114,0.061166,-0.447314,0.0830001,Three
1715196024674743354,2.55674,-0.423818,0.0613796,-0.441697,0.0718432,Three
1715196024678757754,2.55883,-0.427754,0.061395,-0.424565,0.0520387,Three
1715196024686786554,2.57019,-0.43709,0.0613575,-0.375947,-0.00145646,Three
1715196024690800954,2.55903,-0.438389,0.061552,-0.386836,0.00620528,Three
1715196024698829754,2.55197,-0.44404,0.0618499,-0.378168,-0.00769455,Three
1715196024702844154,2.55717,-0.448693,0.061677,-0.357043,-0.0316069,Three
1715196024706858554,2.55982,-0.45277,0.0617061,-0.330635,-0.06098,Three
1715196024714887354,2.5474,-0.457619,0.0617719,-0.335765,-0.0611902,Three
1715196024722916154,2.54369,-0.464395,0.061639,-0.307076,-0.0961496,Three
1715196024726930554,2.55093,-0.469463,0.061484,-0.277102,-0.128842,Three
1715196024730944954,2.54487,-0.472155,0.0613016,-0.292837,-0.115585,Three
1715196024738973754,2.54779,-0.479885,0.0611888,-0.233876,-0.18039,Three
1715196024747002554,2.54881,-0.487272,0.0607557,-0.248924,-0.171315,Three
1715196024751016954,2.54706,-0.490592,0.0609604,-0.212544,-0.210435,Three
1715196024759045754,2.54566,-0.496982,0.0609575,-0.199614,-0.228357,Three
1715196024767074554,2.5435,-0.503608,0.0611268,-0.185611,-0.247118,Three
1715196024771088954,2.56248,-0.511654,0.0611482,-0.186252,-0.249887,Three
1715196024779117754,2.55055,-0.516239,0.0606358,-0.122716,-0.31885,Three
1715196024787146554,2.54392,-0.522004,0.0607914,-0.148374,-0.298643,Three
1715196024791160954,2.54631,-0.525796,0.0606676,-0.147584,-0.301799,Three
1715196024799189754,2.54202,-0.53189,0.0605901,-0.087594,-0.367622,Three
1715196024807218554,2.54451,-0.539122,0.0609437,-0.0811559,-0.378541,Three
1715196024811232954,2.55011,-0.544071,0.0610205,-0.0622671,-0.400155,Three
1715196024819261754,2.5563,-0.552545,0.0607069,-0.0366395,-0.431118,Three
1715196024823276154,2.55935,-0.556784,0.0609109,-0.0281297,-0.44269,Three
1715196024831304954,2.5492,-0.560958,0.0607149,0.011542,-0.487271,Three
1715196024835319354,2.54938,-0.564045,0.0607883,0.0169242,-0.495516,Three
1715196024843348154,2.55726,-0.572892,0.0605287,0.0340339,-0.517216,Three
1715196024847362554,2.55775,-0.576293,0.0604623,0.0500976,-0.535868,Three
1715196024855391354,2.55161,-0.581387,0.0608206,0.086153,-0.57735,Three
1715196024859405754,2.55317,-0.584993,0.0605092,0.096036,-0.589556,Three
1715196024867434554,2.54962,-0.590719,0.0609059,0.125929,-0.624463,Three
1715196024871448954,2.54459,-0.592521,0.0606385,0.144767,-0.645574,Three
1715196024879477754,2.57034,-0.605497,0.0608626,0.147751,-0.653852,Three
1715196024883492154,2.54736,-0.602993,0.0605695,0.178183,-0.686351,Three
1715196024891520954,2.5455,-0.608582,0.0606128,0.205431,-0.718133,Three
1715196024895535354,2.57573,-0.619237,0.061333,0.195797,-0.710799,Three
1715196024903564154,2.50383,-0.608524,0.0600897,0.217118,-0.737856,Three
1715196024907578554,2.53669,-0.619141,0.0601625,0.230987,-0.753173,Three
1715196024915607354,2.66538,-0.658776,0.0620545,0.201185,-0.72916,Three
1715196024919621754,2.66125,-0.66071,0.0620859,0.224126,-0.754563,Three
1715196024951736954,2.71762,-0.701301,0.0634895,0.30972,-0.862004,Three
1715196024959765754,2.67647,-0.695161,0.0631637,0.362695,-0.919605,Three
1715196024963780154,2.99722,-0.402907,0.0598277,-1.02489,0.724533,Three
1715196024971808954,2.63774,-0.692025,0.0626706,0.425042,-0.987803,Three
1715196024975823354,2.64016,-0.695089,0.063019,0.440056,-1.00459,Three
1715196024983852154,2.64818,-0.702495,0.062987,0.463583,-1.0323,Three
1715196024987866554,2.65547,-0.707155,0.0631465,0.475361,-1.04578,Three
1715196024995895354,2.79608,-0.384248,0.058723,-0.978027,0.667534,Three
1715196024999826439,2.78366,-0.383919,0.0581971,-0.970995,0.659178,Three
1715196025007855239,2.79709,-0.389225,0.0586585,-0.937378,0.62351,Three
1715196025011869639,2.74144,-0.382117,0.0585087,-0.943042,0.627828,Three
1715196025019898439,2.7319,-0.383801,0.0591536,-0.920703,0.602711,Three
1715196025023912839,2.7385,-0.386882,0.0590864,-0.901277,0.582416,Three
1715196025031941639,2.72878,-0.388983,0.058902,-0.881802,0.559646,Three
1715196025035956039,2.72883,-0.391133,0.0587805,-0.868092,0.544421,Three
1715196025043984839,2.72252,-0.394143,0.0590663,-0.840451,0.514048,Three
1715196025047999239,2.7065,-0.393511,0.0585,-0.835665,0.507327,Three
1715196025056028039,2.70425,-0.397284,0.05837,-0.811515,0.480947,Three
1715196025060042439,2.69783,-0.398268,0.0579558,-0.800034,0.467238,Three
1715196025068071239,2.70083,-0.403007,0.0582035,-0.768522,0.43287,Three
1715196025072085639,2.71694,-0.408039,0.0581782,-0.74465,0.407867,Three
1715196025080114439,2.67059,-0.404209,0.0579081,-0.745102,0.404433,Three
1715196025084128839,2.65329,-0.403406,0.0580279,-0.741912,0.400148,Three
1715196025092157639,2.67623,-0.412064,0.0578099,-0.697124,0.352561,Three
1715196025096172039,2.69478,-0.417835,0.0577241,-0.673993,0.327196,Three
1715196025104200839,2.69889,-0.423375,0.0578129,-0.638643,0.288637,Three
1715196025108215239,2.67018,-0.420661,0.0582175,-0.645998,0.293848,Three
1715196025116244039,2.66615,-0.424391,0.0577727,-0.61817,0.262948,Three
1715196025120258439,2.64842,-0.423824,0.0581027,-0.62174,0.265036,Three
1715196025124272839,2.62194,-0.421387,0.0580211,-0.630234,0.271279,Three
1715196025132301639,2.64871,-0.431347,0.0575935,-0.584754,0.221826,Three
1715196025136316039,2.64503,-0.433377,0.0573652,-0.571932,0.207905,Three
1715196025144344839,2.62315,-0.434381,0.0574384,-0.567225,0.198137,Three
1715196025148359239,2.642,-0.440602,0.0568468,-0.526446,0.155889,Three
1715196025156388039,2.63901,-0.445191,0.0572015,-0.50773,0.133445,Three
1715196025160402439,2.60511,-0.441046,0.0568857,-0.531343,0.155356,Three
1715196025168431239,2.61498,-0.447975,0.0571285,-0.492347,0.112398,Three
1715196025176460039,2.62356,-0.454324,0.0572395,-0.467732,0.0843761,Three
1715196025180474439,2.61582,-0.455371,0.0571637,-0.454067,0.0693358,Three
1715196025188503239,2.64446,-0.466172,0.0570261,-0.382866,-0.00553519,Three
1715196025196532039,2.62387,-0.467002,0.0572238,-0.401932,0.00958009,Three
1715196025200546439,2.6158,-0.467809,0.0567538,-0.390316,-0.00383683,Three
1715196025208575239,2.62453,-0.474677,0.0568101,-0.352861,-0.0447773,Three
1715196025216604039,2.62912,-0.480945,0.0571659,-0.30833,-0.0930943,Three
1715196025220618439,2.6321,-0.483941,0.0571116,-0.296849,-0.106277,Three
1715196025228647239,2.61669,-0.485678,0.0565075,-0.327453,-0.0793485,Three
1715196025236676039,2.62417,-0.492965,0.0561969,-0.24652,-0.164344,Three
1715196025240690439,2.61956,-0.494576,0.0566106,-0.241372,-0.17124,Three
1715196025248719239,2.6101,-0.49772,0.0558985,-0.192004,-0.225341,Three
1715196025256748039,2.60965,-0.502853,0.0560414,-0.200212,-0.220402,Three
1715196025260762439,2.61936,-0.507003,0.0559781,-0.191559,-0.23054,Three
1715196025268791239,2.61664,-0.511715,0.0559796,-0.171,-0.255461,Three
1715196025272805639,2.62074,-0.515213,0.0558348,-0.133329,-0.294982,Three
1715196025280834439,2.6024,-0.516505,0.0560715,-0.10558,-0.327074,Three
1715196025284848839,2.59974,-0.518669,0.0557977,-0.0989452,-0.335719,Three
1715196025292877639,2.60919,-0.525832,0.0560122,-0.142968,-0.294917,Three
1715196025296892039,2.60733,-0.527807,0.0556829,-0.0967547,-0.342821,Three
1715196025304920839,2.59037,-0.528765,0.0555414,-0.0312921,-0.412185,Three
1715196025308935239,2.61221,-0.536473,0.0556748,-0.0870642,-0.359042,Three
1715196025316964039,2.62183,-0.543395,0.0555007,-0.0887073,-0.360288,Three
1715196025320978439,2.59226,-0.539892,0.0555655,-0.00275646,-0.448532,Three
1715196025324992839,2.58707,-0.540865,0.0551767,0.00403291,-0.456864,Three
1715196025333021639,2.60753,-0.550619,0.0554699,-0.00872071,-0.448342,Three
1715196025337036039,2.60933,-0.553369,0.0555693,0.0150134,-0.473687,Three
1715196025345064839,2.60378,-0.557067,0.0554958,0.0328438,-0.495081,Three
1715196025349079239,2.60062,-0.558622,0.0552559,0.0630991,-0.527083,Three
1715196025357108039,2.60848,-0.565275,0.0555799,0.0712237,-0.538622,Three
1715196025361122439,2.5923,-0.563599,0.0553069,0.0966291,-0.56546,Three
1715196025369151239,2.59387,-0.569279,0.0553314,0.121751,-0.594517,Three
1715196025377180039,2.59374,-0.573524,0.0549785,0.1542,-0.630927,Three
1715196025385208839,2.62368,-0.585985,0.0546345,0.148271,-0.62829,Three
1715196025389223239,2.58205,-0.578401,0.0550523,0.198812,-0.680646,Three
1715196025397252039,2.62074,-0.592617,0.0547615,0.186955,-0.672276,Three
1715196025401266439,2.62376,-0.595757,0.0549859,0.199189,-0.686284,Three
1715196025409295239,2.59964,-0.594356,0.0547627,0.247473,-0.738229,Three
1715196025417324039,2.63908,-0.608692,0.0554501,0.244364,-0.738498,Three
1715196025425352839,2.63736,-0.613157,0.055239,0.270608,-0.768233,Three
1715196025429367239,2.62895,-0.613142,0.0550723,0.285931,-0.78508,Three
1715196025437396039,2.64231,-0.621025,0.0552442,0.311058,-0.813423,Three
1715196025441410439,2.64197,-0.623173,0.0550654,0.320878,-0.824856,Three
1715196025449439239,2.6156,-0.620958,0.0550769,0.362475,-0.870021,Three
1715196025457468039,2.64275,-0.632261,0.0553488,0.373835,-0.884897,Three
1715196025461482439,2.6153,-0.62742,0.0552021,0.402818,-0.915055,Three
1715196025469511239,2.65954,-0.643352,0.0549512,0.402944,-0.918403,Three
1715196025473525639,2.66054,-0.645815,0.0550078,0.415613,-0.932626,Three
1715196025481554439,2.66112,-0.650192,0.0548416,0.444174,-0.964155,Three
1715196025485568839,2.65893,-0.651819,0.0548753,0.457878,-0.979464,Three
1715196025493597639,2.69155,-0.664658,0.0551511,0.4722,-0.997074,Three
1715196025497612039,2.6912,-0.66641,0.0552172,0.484008,-1.01019,Three
1715196025505640839,2.74027,-0.321564,0.059265,-0.964225,0.700852,Three
1715196025509655239,2.75146,-0.325777,0.060235,-0.944769,0.679238,Three
1715196025517684039,2.81822,-0.340535,0.0599017,-0.89006,0.620409,Three
1715196025521698439,2.75865,-0.334732,0.0600705,-0.896961,0.625376,Three
1715196025529727239,2.83605,-0.351136,0.0603409,-0.834207,0.558033,Three
1715196025533741639,2.83197,-0.353351,0.0603439,-0.819258,0.540733,Three
1715196025565856839,2.7691,-0.368092,0.0614975,-0.717713,0.41824,Three
1715196025569871239,2.74543,-0.367358,0.0618148,-0.716327,0.41407,Three
1715196025577900039,2.71855,-0.369302,0.0615055,-0.700714,0.393444,Three
1715196025585928839,2.66696,-0.366815,0.0617993,-0.704162,0.392272,Three
1715196025589943239,2.62922,-0.363672,0.0616082,-0.71339,0.399116,Three
1715196025597972039,2.6097,-0.366108,0.0615041,-0.697764,0.378788,Three
1715196025601986439,2.59908,-0.367035,0.0616718,-0.683223,0.362321,Three
1715196025610015239,2.58097,-0.368174,0.0612744,-0.614297,0.290891,Three
1715196025614029639,2.64404,-0.383599,0.0613315,-0.60886,0.281284,Three
1715196025622058439,2.60496,-0.382691,0.0616256,-0.617696,0.286194,Three
1715196025626072839,2.60389,-0.385928,0.0612692,-0.599279,0.265979,Three
1715196025634101639,2.60007,-0.391668,0.0611621,-0.573677,0.234677,Three
1715196025642130439,2.59456,-0.397203,0.0612085,-0.547191,0.203292,Three
1715196025646144839,2.58758,-0.399312,0.0611199,-0.545052,0.198072,Three
1715196025654173639,2.58498,-0.4053,0.061389,-0.513731,0.161867,Three
1715196025658188039,2.5926,-0.41001,0.0612867,-0.488752,0.134009,Three
1715196025666216839,2.57619,-0.413811,0.0612528,-0.479311,0.119759,Three
1715196025674245639,2.57749,-0.421045,0.0608655,-0.450567,0.0855805,Three
1715196025678260039,2.55462,-0.420292,0.0606922,-0.466206,0.0981627,Three
1715196025682274439,2.55084,-0.422683,0.0608189,-0.466917,0.0969327,Three
1715196025690303239,2.54702,-0.429034,0.0601507,-0.438948,0.0625952,Three
1715196025694317639,2.57827,-0.438635,0.0600156,-0.363897,-0.0145714,Three
1715196025702346439,2.55479,-0.440944,0.0604683,-0.386253,0.0026411,Three
1715196025706360839,2.55743,-0.445017,0.0600348,-0.35515,-0.0312156,Three
1715196025714389639,2.56398,-0.453494,0.0602882,-0.308876,-0.083357,Three
1715196025718404039,2.53346,-0.451026,0.0601497,-0.368235,-0.026719,Three
1715196025726432839,2.55005,-0.461732,0.0599606,-0.302547,-0.0980471,Three
1715196025730447239,2.55514,-0.466555,0.0599765,-0.264502,-0.138341,Three
1715196025738476039,2.54224,-0.471299,0.0601324,-0.276036,-0.132987,Three
1715196025742490439,2.55329,-0.476862,0.0601576,-0.27514,-0.13645,Three
1715196025750519239,2.54466,-0.482469,0.0597164,-0.253251,-0.164427,Three
1715196025754533639,2.53929,-0.485471,0.0597811,-0.221377,-0.199438,Three
1715196025762562439,2.53531,-0.491792,0.059441,-0.199247,-0.227041,Three
1715196025766576839,2.53466,-0.494963,0.0595541,-0.204777,-0.222941,Three
1715196025774605639,2.53196,-0.502205,0.0595785,-0.180296,-0.254951,Three
1715196025782634439,2.54318,-0.511559,0.059565,-0.135087,-0.304797,Three
1715196025786648839,2.52323,-0.510487,0.0595196,-0.137236,-0.305231,Three
1715196025794677639,2.53507,-0.520798,0.0594052,-0.114456,-0.333791,Three
1715196025802706439,2.54301,-0.530474,0.0594151,-0.116413,-0.337757,Three
1715196025810735239,2.53241,-0.535222,0.0597906,-0.0954824,-0.364124,Three
1715196025814749639,2.54861,-0.543184,0.0598929,-0.114462,-0.348861,Three
1715196025822778439,2.53087,-0.547004,0.0598264,-0.069971,-0.399459,Three
1715196025830807239,2.52445,-0.553112,0.059992,-0.00352307,-0.47117,Three
1715196025838836039,2.54502,-0.566885,0.0596713,-0.0149376,-0.466825,Three
1715196025846864839,2.54343,-0.574858,0.0596422,0.0176299,-0.505628,Three
1715196025854893639,2.52989,-0.580079,0.0594569,0.0554281,-0.550458,Three
1715196025858908039,2.54453,-0.588195,0.059536,0.0509478,-0.549837,Three
1715196025866936839,2.53038,-0.593475,0.0593568,0.0937937,-0.598799,Three
1715196025870951239,2.54863,-0.60267,0.0595175,0.0849842,-0.593859,Three
1715196025878980039,2.55137,-0.612198,0.0594911,0.105772,-0.6209,Three
1715196025882994439,2.54595,-0.615247,0.0591115,0.129139,-0.647877,Three
1715196025891023239,2.556,-0.626824,0.059391,0.14341,-0.668505,Three
1715196025895037639,2.56027,-0.632396,0.0593089,0.149201,-0.677533,Three
1715196025903066439,2.57724,-0.646451,0.0588452,0.163865,-0.699719,Three
1715196025907080839,2.57058,-0.650902,0.059251,0.119512,-0.66057,Three
1715196025915109639,2.6413,-0.677766,0.0596626,0.151107,-0.698018,Three
1715196025919124039,2.63949,-0.682191,0.0592389,0.174473,-0.724739,Three
1715196025951239239,2.6993,-0.735009,0.0597493,0.257578,-0.837053,Three
1715196025955253639,2.70017,-0.738635,0.0599563,0.270401,-0.852764,Three
1715196025963282439,2.67228,-0.738623,0.0601953,0.323115,-0.911521,Three
1715196025967296839,2.67366,-0.74275,0.0604513,0.340024,-0.931296,Three
1715196025971311239,2.61858,-0.729863,0.0599669,0.380041,-0.974367,Three
1715196025979340039,2.59158,-0.729152,0.0601582,0.424541,-1.02388,Three
1715196025983354439,2.5926,-0.733138,0.0599575,0.437959,-1.03983,Three
1715196025991383239,2.65064,-0.757682,0.0603828,0.437369,-1.04417,Three
1715196025995397639,2.61349,-0.7502,0.060456,0.468834,-1.07831,Three
1715196026003426439,2.76041,-0.433504,0.0578837,-0.988649,0.637681,Three
1715196026007440839,2.76308,-0.436982,0.0578069,-0.973912,0.621452,Three
1715196026015469639,2.78232,-0.446404,0.0578864,-0.939561,0.582649,Three
1715196026019484039,2.75786,-0.445104,0.0582273,-0.933618,0.574065,Three
1715196026027512839,2.75643,-0.450908,0.0582953,-0.90505,0.541192,Three
1715196026031527239,2.73143,-0.449564,0.0585065,-0.904084,0.53821,Three
1715196026039556039,2.70295,-0.450645,0.0579321,-0.887511,0.51666,Three
1715196026043570439,2.70026,-0.453282,0.0578934,-0.874242,0.501146,Three
1715196026047584839,2.70245,-0.457189,0.0579755,-0.858866,0.483253,Three
1715196026055613639,2.70824,-0.465028,0.0577136,-0.83034,0.449796,Three
1715196026059628039,2.67464,-0.46191,0.0575172,-0.832181,0.448759,Three
1715196026067656839,2.6975,-0.473462,0.0573417,-0.790403,0.402441,Three
1715196026071671239,2.6669,-0.470822,0.0569955,-0.791486,0.400667,Three
1715196026079700039,2.69061,-0.482645,0.0571442,-0.752048,0.356795,Three
1715196026083714439,2.71051,-0.490317,0.0569539,-0.717706,0.319545,Three
1715196026091743239,2.68293,-0.492013,0.0567026,-0.706574,0.302878,Three
1715196026095757639,2.68796,-0.497116,0.0565812,-0.690816,0.284335,Three
1715196026103786439,2.66729,-0.500095,0.0560849,-0.67388,0.262704,Three
1715196026107800839,2.70449,-0.512193,0.0565009,-0.625347,0.21134,Three
1715196026115829639,2.65861,-0.509668,0.0562426,-0.637214,0.218007,Three
1715196026123858439,2.63214,-0.511915,0.056225,-0.628732,0.203585,Three
1715196026127872839,2.65349,-0.520528,0.0564436,-0.598425,0.16997,Three
1715196026131887239,2.63614,-0.520893,0.0563839,-0.60263,0.171782,Three
1715196026139916039,2.63525,-0.528908,0.0558367,-0.56832,0.131568,Three
1715196026147944839,2.63258,-0.536364,0.055003,-0.536393,0.0938507,Three
1715196026151959239,2.61579,-0.536376,0.0549684,-0.549692,0.103823,Three
1715196026159988039,2.62933,-0.547713,0.0553286,-0.50234,0.0511623,Three
1715196026164002439,2.6448,-0.555257,0.0549595,-0.469375,0.0156097,Three
1715196026172031239,2.60505,-0.553811,0.0550212,-0.486011,0.026053,Three
1715196026180060039,2.63351,-0.568458,0.0554261,-0.405348,-0.0600959,Three
1715196026184074439,2.60851,-0.566361,0.0552889,-0.432781,-0.0360862,Three
1715196026192103239,2.6012,-0.572326,0.0553493,-0.426042,-0.0482925,Three
1715196026196117639,2.63312,-0.584527,0.0553795,-0.332847,-0.143904,Three
1715196026204146439,2.61187,-0.587333,0.0552033,-0.35156,-0.131508,Three
1715196026208160839,2.61508,-0.592198,0.0550792,-0.310749,-0.175107,Three
1715196026216189639,2.61748,-0.600288,0.0551134,-0.303466,-0.188275,Three
1715196026220204039,2.59823,-0.599578,0.0552294,-0.339645,-0.154473,Three
1715196026224218439,2.60074,-0.604554,0.0550515,-0.325352,-0.171864,Three
1715196026232247239,2.59206,-0.610274,0.0548388,-0.311286,-0.192102,Three
1715196026236261639,2.57459,-0.609717,0.0549535,-0.274157,-0.232555,Three
1715196026244290439,2.57311,-0.617192,0.0544635,-0.23788,-0.273911,Three
1715196026252319239,2.57074,-0.624713,0.0541416,-0.22725,-0.290926,Three
1715196026260348039,2.57034,-0.632536,0.0539175,-0.253424,-0.27101,Three
1715196026268376839,2.57688,-0.642361,0.053594,-0.223894,-0.305748,Three
1715196026272391239,2.58314,-0.648081,0.0531749,-0.201605,-0.330869,Three
1715196026280420039,2.57959,-0.655295,0.0532705,-0.151312,-0.38691,Three
1715196026288448839,2.57017,-0.660061,0.0528769,-0.129358,-0.414613,Three
1715196026292463239,2.55795,-0.66093,0.0528383,-0.107502,-0.439482,Three
1715196026300492039,2.57123,-0.672382,0.0523245,-0.131081,-0.421413,Three
1715196026304506439,2.58112,-0.679072,0.0528553,-0.148786,-0.406545,Three
1715196026312535239,2.58346,-0.688088,0.0527151,-0.133936,-0.42729,Three
1715196026316549639,2.5894,-0.693802,0.0526235,-0.108846,-0.455201,Three
1715196026324578439,2.56224,-0.693756,0.0527167,-0.038198,-0.531799,Three
1715196026332607239,2.56499,-0.702207,0.0527747,-0.0208437,-0.554013,Three
1715196026336621639,2.57901,-0.710171,0.0528979,-0.0352862,-0.542829,Three
1715196026344650439,2.5793,-0.718603,0.053003,-0.0133239,-0.570238,Three
1715196026348664839,2.582,-0.723193,0.0529653,0.00180139,-0.587464,Three
1715196026356693639,2.59248,-0.73419,0.0529954,0.0127529,-0.604762,Three
1715196026360708039,2.58487,-0.73591,0.0528204,0.0416814,-0.636595,Three
1715196026368736839,2.602,-0.749036,0.0529238,0.0513261,-0.652208,Three
1715196026372751239,2.60612,-0.754301,0.0528526,0.0595269,-0.663152,Three
1715196026380780039,2.60612,-0.762398,0.0526917,0.0875945,-0.696802,Three
1715196026384794439,2.60168,-0.764845,0.0526807,0.103067,-0.714965,Three
1715196026392823239,2.60321,-0.773483,0.0528558,0.1342,-0.751736,Three
1715196026396837639,2.60389,-0.777564,0.0528643,0.138211,-0.758444,Three
1715196026400852039,2.601,-0.780463,0.0528295,0.159006,-0.78186,Three
1715196026408880839,2.57903,-0.781337,0.0525084,0.201079,-0.828879,Three
1715196026412895239,2.58038,-0.785793,0.0524828,0.215033,-0.845707,Three
1715196026420924039,2.58068,-0.793512,0.0519667,0.239329,-0.876014,Three
1715196026428952839,2.62613,-0.816189,0.0514898,0.235518,-0.877517,Three
1715196026432967239,2.62509,-0.819579,0.0514403,0.246799,-0.891371,Three
1715196026440996039,2.62369,-0.826609,0.0513098,0.274832,-0.924528,Three
1715196026449024839,2.62826,-0.835418,0.0511677,0.300221,-0.9549,Three
1715196026453039239,2.60535,-0.831178,0.0508751,0.328292,-0.985692,Three
1715196026457053639,2.62302,-0.840858,0.0509602,0.333417,-0.992925,Three
1715196026465082439,2.64636,-0.856042,0.0508559,0.34735,-1.01219,Three
1715196026469096839,2.79239,-0.528504,0.0566515,-1.05623,0.65476,Three
1715196026477125639,2.79754,-0.537578,0.0560952,-1.02853,0.621208,Three
1715196026485154439,2.84516,-0.555637,0.0561596,-0.977805,0.564729,Three
1715196026489168839,2.85806,-0.56198,0.0557581,-0.955356,0.539767,Three
1715196026497197639,2.87585,-0.574928,0.0564061,-0.914064,0.491898,Three
1715196026521284039,2.78509,-0.580524,0.057712,-0.854361,0.41091,Three
1715196026525298439,2.79396,-0.58687,0.0583954,-0.832037,0.385353,Three
1715196026533327239,2.71295,-0.577391,0.0590905,-0.845067,0.390886,Three
1715196026537341639,2.70787,-0.580475,0.0598669,-0.833421,0.37596,Three
1715196026545370439,2.67003,-0.580683,0.0600928,-0.821212,0.356795,Three
1715196026549384839,2.63343,-0.576547,0.0601967,-0.828965,0.361,Three
1715196026557413639,2.62626,-0.583861,0.0601676,-0.801599,0.326365,Three
1715196026561428039,2.60512,-0.5832,0.0597655,-0.801227,0.323014,Three
1715196026569456839,2.58404,-0.587162,0.0593824,-0.784881,0.299279,Three
1715196026577485639,2.57879,-0.595434,0.0588132,-0.760672,0.267939,Three
1715196026581500039,2.50143,-0.580002,0.0584346,-0.780579,0.283716,Three
1715196026589528839,2.5779,-0.61015,0.0586786,-0.714913,0.211248,Three
1715196026593543239,2.54871,-0.607384,0.058788,-0.724632,0.217171,Three
1715196026601572039,2.5506,-0.617878,0.0587624,-0.69178,0.177895,Three
1715196026609600839,2.57088,-0.633781,0.0582229,-0.646922,0.124961,Three
1715196026613615239,2.55803,-0.635063,0.0581588,-0.639746,0.114422,Three
1715196026621644039,2.53866,-0.640414,0.0579703,-0.629622,0.0962598,Three
1715196026625658439,2.55272,-0.650017,0.0575215,-0.593989,0.056635,Three
1715196026633687239,2.51518,-0.6497,0.0570568,-0.612088,0.0674313,Three
1715196026641716039,2.51455,-0.659894,0.0568955,-0.580362,0.0282574,Three
1715196026645730439,2.5192,-0.666731,0.0566208,-0.559407,0.00285818,Three
1715196026653759239,2.51457,-0.675894,0.056241,-0.536319,-0.0278304,Three
1715196026661788039,2.51404,-0.68641,0.055846,-0.511236,-0.0612971,Three
1715196026669816839,2.50969,-0.695954,0.0559486,-0.480349,-0.0994683,Three
1715196026673831239,2.50134,-0.698296,0.0562498,-0.489497,-0.0943789,Three
1715196026681860039,2.50036,-0.709176,0.0560562,-0.458042,-0.133932,Three
1715196026685874439,2.49482,-0.712442,0.0569371,-0.469715,-0.125834,Three
1715196026693903239,2.49859,-0.72539,0.0564831,-0.418231,-0.186018,Three
1715196026697917639,2.49609,-0.730184,0.056238,-0.408586,-0.20029,Three
1715196026705946439,2.487,-0.738403,0.0561041,-0.408363,-0.208167,Three
1715196026709960839,2.4928,-0.745837,0.0555998,-0.390688,-0.230438,Three
1715196026717989639,2.49075,-0.756133,0.0557608,-0.36007,-0.269014,Three
1715196026722004039,2.49516,-0.763235,0.0553302,-0.361541,-0.271569,Three
1715196026730032839,2.49261,-0.773183,0.0552448,-0.344736,-0.296735,Three
1715196026734047239,2.48324,-0.775246,0.0554576,-0.344488,-0.300625,Three
1715196026742076039,2.48034,-0.7852,0.0553525,-0.300052,-0.352893,Three
1715196026746090439,2.47715,-0.790166,0.0553287,-0.283168,-0.374134,Three
1715196026754119239,2.46958,-0.798414,0.0554156,-0.254102,-0.410992,Three
1715196026758133639,2.48101,-0.808478,0.0553784,-0.228976,-0.440495,Three
1715196026766162439,2.4801,-0.818951,0.0550423,-0.241433,-0.436317,Three
1715196026770176839,2.47955,-0.82383,0.0549729,-0.433675,-0.246881,Three
1715196026778205639,2.47814,-0.834761,0.0550221,-0.213685,-0.475333,Three
1715196026782220039,2.46938,-0.837032,0.0548681,-0.171717,-0.521622,Three
1715196026790248839,2.46604,-0.846669,0.0545178,-0.136329,-0.564741,Three
1715196026794263239,2.48002,-0.857526,0.0548625,-0.150858,-0.554838,Three
1715196026802292039,2.48205,-0.868808,0.0542671,-0.149746,-0.562986,Three
1715196026806306439,2.46995,-0.869983,0.0542616,-0.114571,-0.602111,Three
1715196026814335239,2.47443,-0.882619,0.0537818,-0.0853081,-0.639714,Three
1715196026818349639,2.48765,-0.893352,0.053736,-0.0975992,-0.63102,Three
1715196026826378439,2.47611,-0.899847,0.0541834,-0.0486249,-0.687685,Three
1715196026830392839,2.47787,-0.906198,0.0545199,-0.0508598,-0.689525,Three
1715196026838421639,2.49409,-0.923241,0.0547119,-0.0371584,-0.711287,Three
1715196026842436039,2.46091,-0.916115,0.0547985,0.0135912,-0.766154,Three
1715196026850464839,2.4854,-0.936579,0.0549282,0.00862036,-0.768861,Three
1715196026854479239,2.47228,-0.936723,0.0549785,0.0390831,-0.802706,Three
1715196026862508039,2.4591,-0.942517,0.0546942,0.0744295,-0.846172,Three
1715196026866522439,2.49652,-0.962906,0.0552071,0.056895,-0.832449,Three
1715196026874551239,2.4077,-0.939526,0.0544899,0.0899228,-0.873615,Three
1715196026878565639,2.44711,-0.960628,0.054621,0.0998382,-0.887675,Three
1715196026886594439,2.53679,-1.00743,0.0556695,0.0858466,-0.882324,Three
1715196026890608839,2.57631,-1.02985,0.0554353,0.0771322,-0.877705,Three
1715196026922724039,2.59396,-1.08281,0.0562715,0.18593,-1.02055,Three
1715196026930752839,2.58181,-1.08739,0.0559333,0.226746,-1.06857,Three
1715196026934767239,2.59929,-1.10044,0.0557116,0.229546,-1.07495,Three
1715196026938781639,2.88697,-0.829846,0.0511241,-1.15223,0.560534,Three
1715196026946810439,2.54454,-1.09032,0.0569916,0.297226,-1.15267,Three
1715196026950824839,2.51164,-1.0803,0.057369,0.323302,-1.18277,Three
1715196026958853639,2.52878,-1.09657,0.0582259,0.34417,-1.20889,Three
1715196026962868039,2.7641,-0.813659,0.0476374,-1.10926,0.501787,Three
1715196026970896839,2.75788,-0.819304,0.0478263,-1.08056,0.468492,Three
1715196026974911239,2.69198,-0.802018,0.0485125,-1.0955,0.480734,Three
1715196026982940039,2.67972,-0.806522,0.0485873,-1.07005,0.449551,Three
1715196026986954439,2.69856,-0.816889,0.0489366,-1.04886,0.425226,Three
1715196026994983239,2.69156,-0.823169,0.0500978,-1.02431,0.394783,Three
1715196026998949573,2.66566,-0.818678,0.0510106,-1.02071,0.388806,Three
1715196027006978373,2.66602,-0.827739,0.0518411,-0.988675,0.35076,Three
1715196027010992773,2.61691,-0.81613,0.0515772,-1.00225,0.360214,Three
1715196027019021573,2.60749,-0.821649,0.0512268,-0.978157,0.330255,Three
1715196027023035973,2.60891,-0.827019,0.050684,-0.963229,0.311738,Three
1715196027027050373,2.62952,-0.83876,0.0502551,-0.936492,0.282147,Three
1715196027035079173,2.60904,-0.84044,0.0503138,-0.923563,0.262929,Three
1715196027039093573,2.60353,-0.843231,0.0497082,-0.907723,0.243938,Three
1715196027047122373,2.60597,-0.852989,0.0497324,-0.879353,0.209605,Three
1715196027051136773,2.58811,-0.851209,0.0487897,-0.877918,0.204631,Three
1715196027059165573,2.60531,-0.866432,0.0484432,-0.836766,0.157808,Three
1715196027063179973,2.60118,-0.86981,0.0485609,-0.820965,0.138735,Three
1715196027071208773,2.57775,-0.870862,0.0484668,-0.81216,0.123294,Three
1715196027079237573,2.57522,-0.879215,0.0489363,-0.783203,0.0883197,Three
1715196027083251973,2.59039,-0.889698,0.048542,-0.754467,0.0558675,Three
1715196027091280773,2.57013,-0.891319,0.0492976,-0.741617,0.0375842,Three
1715196027099309573,2.57931,-0.904304,0.0495432,-0.705379,-0.00552878,Three
1715196027103323973,2.581,-0.910131,0.0494166,-0.689088,-0.0253366,Three
1715196027111352773,2.56204,-0.91265,0.0492725,-0.68153,-0.0397775,Three
1715196027115367173,2.56677,-0.919742,0.048865,-0.655411,-0.0694231,Three
1715196027123395973,2.53635,-0.917597,0.0485138,-0.665601,-0.0651881,Three
1715196027127410373,2.53575,-0.922101,0.0486612,-0.643852,-0.0901874,Three
1715196027135439173,2.53321,-0.930597,0.0485873,-0.627649,-0.113909,Three
1715196027143467973,2.54654,-0.945319,0.0487939,-0.558281,-0.188979,Three
1715196027147482373,2.53981,-0.947439,0.0486124,-0.565024,-0.184934,Three
1715196027155511173,2.53085,-0.952525,0.0486705,-0.582518,-0.173615,Three
1715196027159525573,2.53067,-0.958234,0.0486733,-0.525735,-0.234803,Three
1715196027167554373,2.53792,-0.971075,0.0483187,-0.473321,-0.293191,Three
1715196027175583173,2.51799,-0.97301,0.0478634,-0.46435,-0.309368,Three
1715196027179597573,2.51404,-0.976036,0.048198,-0.497497,-0.279534,Three
1715196027187626373,2.51695,-0.987026,0.0479123,-0.453107,-0.329796,Three
1715196027195655173,2.50515,-0.991984,0.0480145,-0.452638,-0.337949,Three
1715196027199669573,2.50784,-0.998284,0.0477823,-0.396473,-0.397458,Three
1715196027207698373,2.50299,-1.00615,0.0476409,-0.431391,-0.369311,Three
1715196027215727173,2.50065,-1.01533,0.0471877,-0.363839,-0.443502,Three
1715196027219741573,2.50136,-1.02039,0.0472636,-0.393909,-0.416129,Three
1715196027227770373,2.49336,-1.02633,0.0474767,-0.337321,-0.479331,Three
1715196027231784773,2.49097,-1.03054,0.0476784,-0.333909,-0.485729,Three
1715196027239813573,2.48494,-1.03738,0.0476788,-0.319172,-0.507303,Three
1715196027243827973,2.4859,-1.04279,0.0478892,-0.292145,-0.538119,Three
1715196027251856773,2.48011,-1.05029,0.0480019,-0.286649,-0.55035,Three
1715196027255871173,2.48038,-1.05506,0.0477151,-0.264382,-0.57569,Three
1715196027259885573,2.49432,-1.0657,0.0478644,-0.281399,-0.562144,Three
1715196027267914373,2.48187,-1.0698,0.0476918,-0.235182,-0.614235,Three
1715196027271928773,2.47677,-1.07196,0.0478906,-0.228588,-0.623761,Three
1715196027279957573,2.48729,-1.08681,0.0478126,-0.215812,-0.644259,Three
1715196027283971973,2.45871,-1.07832,0.0474183,-0.164655,-0.697871,Three
1715196027292000773,2.47954,-1.09742,0.0476998,-0.18346,-0.686039,Three
1715196027296015173,2.49045,-1.1074,0.047991,-0.18705,-0.685262,Three
1715196027304043973,2.48731,-1.1151,0.0479481,-0.16187,-0.716404,Three
1715196027308058373,2.47697,-1.1149,0.0476751,-0.122188,-0.75967,Three
1715196027316087173,2.49016,-1.13006,0.0477868,-0.121846,-0.765334,Three
1715196027320101573,2.47959,-1.13018,0.0475766,-0.0889153,-0.801667,Three
1715196027328130373,2.45989,-1.13032,0.0475402,-0.0521356,-0.845221,Three
1715196027332144773,2.45698,-1.13372,0.0475585,-0.0356635,-0.864856,Three
1715196027340173573,2.45803,-1.1434,0.0471147,-0.0119891,-0.894585,Three
1715196027348202373,2.48928,-1.16769,0.0473138,-0.0170313,-0.895504,Three
1715196027352216773,2.48856,-1.17186,0.0471739,-0.00335695,-0.91214,Three
1715196027360245573,2.48162,-1.17808,0.0475064,0.027449,-0.949224,Three
1715196027368274373,2.46377,-1.17831,0.0474363,0.0667946,-0.994895,Three
1715196027372288773,2.46632,-1.18392,0.0475313,0.0749766,-1.00588,Three
1715196027380317573,2.46123,-1.19023,0.0477898,0.104947,-1.04167,Three
1715196027388346373,2.46047,-1.19856,0.0478216,0.128086,-1.07042,Three
1715196027396375173,2.50206,-1.22879,0.0479025,0.130896,-1.07903,Three
1715196027400389573,2.49441,-1.22932,0.0478842,0.147491,-1.09841,Three
1715196027408418373,2.49681,-1.23928,0.0480226,0.173757,-1.13095,Three
1715196027412432773,2.51177,-1.2514,0.0482649,0.175061,-1.13485,Three
1715196027420461573,2.57705,-1.29492,0.0481268,0.166849,-1.13318,Three
1715196027428490373,2.83703,-1.01567,0.0486888,-1.18941,0.477113,Three
1715196027436519173,2.86235,-1.03529,0.0487489,-1.14818,0.429183,Three
1715196027464619973,2.77484,-1.03827,0.0506382,-1.06396,0.318664,Three
1715196027468634373,2.75353,-1.03481,0.0509368,-1.05752,0.30865,Three
1715196027476663173,2.68088,-1.01677,0.050797,-1.05617,0.299644,Three
1715196027480677573,2.67073,-1.0178,0.0512501,-1.04541,0.285085,Three
1715196027488706373,2.5834,-0.993128,0.0508416,-1.06047,0.292771,Three
1715196027496735173,2.55915,-0.993281,0.0510749,-1.04165,0.266706,Three
1715196027500749573,2.56882,-1.00231,0.0506126,-1.02189,0.243315,Three
1715196027508778373,2.56377,-1.01074,0.0509866,-0.992505,0.206977,Three
1715196027512792773,2.57092,-1.01902,0.0511485,-0.974573,0.186512,Three
1715196027520821573,2.54086,-1.01709,0.0510542,-0.96077,0.165045,Three
1715196027524835973,2.5379,-1.02135,0.0513324,-0.947658,0.148231,Three
1715196027532864773,2.56351,-1.04299,0.0515095,-0.893982,0.0871034,Three
1715196027536879173,2.53404,-1.03612,0.0513487,-0.89892,0.0875529,Three
1715196027544907973,2.49885,-1.03181,0.052155,-0.900029,0.081144,Three
1715196027552936773,2.49355,-1.04094,0.051944,-0.875809,0.0489699,Three
1715196027560965573,2.45437,-1.035,0.0524333,-0.878087,0.0433024,Three
1715196027564979973,2.47202,-1.04887,0.0521559,-0.845017,0.00573259,Three
1715196027573008773,2.44959,-1.0501,0.0519471,-0.83467,-0.0127671,Three
1715196027581037573,2.44451,-1.05944,0.051522,-0.806594,-0.0488145,Three
1715196027585051973,2.47416,-1.0789,0.0513671,-0.76614,-0.0932842,Three
1715196027593080773,2.46791,-1.08795,0.0510594,-0.732301,-0.134862,Three
1715196027601109573,2.44388,-1.08852,0.0507919,-0.731624,-0.143097,Three
1715196027605123973,2.43075,-1.08834,0.0503787,-0.740814,-0.138369,Three
1715196027613152773,2.42729,-1.09916,0.0505061,-0.710966,-0.176484,Three
1715196027621181573,2.42956,-1.11197,0.0509146,-0.676186,-0.218976,Three
1715196027625195973,2.4377,-1.1223,0.0505342,-0.638482,-0.260391,Three
1715196027633224773,2.42999,-1.13136,0.0509253,-0.611391,-0.296888,Three
1715196027641253573,2.41191,-1.13515,0.0511149,-0.626284,-0.290478,Three
1715196027645267973,2.41709,-1.14372,0.0511211,-0.584545,-0.335538,Three
1715196027653296773,2.40951,-1.15306,0.0511727,-0.567185,-0.362218,Three
1715196027661325573,2.41281,-1.16723,0.0510706,-0.543266,-0.394587,Three
1715196027669354373,2.39976,-1.1734,0.0505288,-0.521406,-0.42491,Three
1715196027673368773,2.39202,-1.17625,0.0505131,-0.527918,-0.423552,Three
1715196027681397573,2.39443,-1.1893,0.0507851,-0.506016,-0.45319,Three
1715196027689426373,2.38903,-1.20009,0.0510019,-0.462468,-0.505132,Three
1715196027693440773,2.39321,-1.20799,0.0511299,-0.430458,-0.540853,Three
1715196027701469573,2.39189,-1.21993,0.0514073,-0.48974,-0.490501,Three
1715196027709498373,2.38194,-1.2275,0.0511144,-0.431192,-0.557948,Three
1715196027717527173,2.37379,-1.23574,0.0507772,-0.386983,-0.610334,Three
1715196027721541573,2.3759,-1.24309,0.0512444,-0.396277,-0.605158,Three
1715196027729570373,2.37543,-1.25565,0.0510362,-0.383957,-0.625824,Three
1715196027737599173,2.35408,-1.25624,0.0504659,-0.338494,-0.679305,Three
1715196027745627973,2.37759,-1.28206,0.0504331,-0.370583,-0.65495,Three
1715196027749642373,2.37562,-1.28714,0.0505261,-0.34819,-0.682344,Three
1715196027757671173,2.36976,-1.29617,0.0502467,-0.31862,-0.719774,Three
1715196027765699973,2.36181,-1.30377,0.0499972,-0.27295,-0.772595,Three
1715196027769714373,2.34503,-1.30033,0.0506103,-0.241209,-0.808375,Three
1715196027777743173,2.36091,-1.32143,0.0507928,-0.243945,-0.813762,Three
1715196027785771973,2.35929,-1.33272,0.0509262,-0.217436,-0.848022,Three
1715196027789786373,2.35866,-1.33811,0.0510435,-0.200266,-0.868825,Three
1715196027797815173,2.3753,-1.35992,0.0510146,-0.205999,-0.870988,Three
1715196027805843973,2.3709,-1.36908,0.0508292,-0.167412,-0.916987,Three
1715196027809858373,2.36727,-1.37216,0.0511366,-0.156311,-0.931371,Three
1715196027817887173,2.36673,-1.38336,0.0512767,-0.123447,-0.971461,Three
1715196027825915973,2.39928,-1.41503,0.0514103,-0.134865,-0.967547,Three
1715196027833944773,2.39842,-1.42669,0.0523143,-0.134249,-0.976021,Three
1715196027837959173,2.42503,-1.44793,0.052378,-0.115435,-0.997804,Three
1715196027845987973,2.46782,-1.48584,0.0515605,-0.122644,-0.998528,Three
1715196027878103173,2.4392,-1.5125,0.0530799,0.0269001,-1.17837,Three
1715196027882117573,2.94442,-1.38713,0.0490145,-1.32157,0.413418,Three
1715196027890146373,2.42578,-1.51802,0.0527112,0.0763521,-1.23732,Three
1715196027898175173,2.38975,-1.50335,0.0530641,0.125494,-1.29116,Three
1715196027902189573,2.36508,-1.49156,0.0530427,0.150988,-1.3196,Three
1715196027910218373,2.72931,-1.3032,0.0489541,-1.28135,0.359098,Three
1715196027918247173,2.74821,-1.31861,0.048622,-1.24179,0.316161,Three
1715196027922261573,2.75579,-1.32518,0.0480133,-1.22325,0.296394,Three
1715196027930290373,2.76899,-1.33761,0.048351,-1.18709,0.257671,Three
1715196027938319173,2.66967,-1.29327,0.0491022,-1.19933,0.266302,Three
1715196027942333573,2.62021,-1.2708,0.0472952,-1.20599,0.27135,Three
1715196027950362373,2.61159,-1.27058,0.0500201,-1.18309,0.24556,Three
1715196027954376773,2.63019,-1.28258,0.0500626,-1.15582,0.217034,Three
1715196027962405573,2.64786,-1.29634,0.050097,-1.11431,0.172512,Three
1715196027966419973,2.64546,-1.29831,0.0495728,-1.101,0.157015,Three
1715196027974448773,2.59384,-1.27679,0.0492441,-1.10223,0.154288,Three
1715196027978463173,2.59649,-1.27987,0.0489704,-1.08605,0.136876,Three
1715196027986491973,2.55152,-1.26121,0.0481586,-1.08415,0.131786,Three
1715196027994520773,2.54238,-1.26057,0.0476888,-1.05925,0.104421,Three
1715196027998535173,2.56707,-1.27576,0.0467211,-1.0259,0.0691354,Three
1715196028006563973,2.54462,-1.26853,0.0462965,-1.01238,0.0532255,Three
1715196028014592773,2.54517,-1.27343,0.0457972,-0.98062,0.0188231,Three
1715196028018607173,2.56052,-1.28374,0.045887,-0.954611,-0.00895585,Three
1715196028026635973,2.53993,-1.27775,0.0465292,-0.941432,-0.0244604,Three
1715196028034664773,2.51464,-1.26947,0.0465988,-0.932038,-0.037211,Three
1715196028038679173,2.53626,-1.28333,0.0466506,-0.899935,-0.070195,Three
1715196028046707973,2.54522,-1.29312,0.046673,-0.854676,-0.118901,Three
1715196028050722373,2.49524,-1.2691,0.0464785,-0.894191,-0.0812337,Three
1715196028058751173,2.50868,-1.28162,0.0461276,-0.849369,-0.128834,Three
1715196028066779973,2.52617,-1.29645,0.0463964,-0.794935,-0.186789,Three
1715196028074808773,2.49006,-1.28289,0.0462733,-0.810134,-0.175145,Three
1715196028078823173,2.50217,-1.29209,0.0462299,-0.771416,-0.214934,Three
1715196028086851973,2.49845,-1.29587,0.046386,-0.755927,-0.234744,Three
1715196028094880773,2.459,-1.28021,0.0461986,-0.776904,-0.217303,Three
1715196028098895173,2.47516,-1.29167,0.046222,-0.733131,-0.262232,Three
1715196028106923973,2.48427,-1.30234,0.0460347,-0.700493,-0.299163,Three
1715196028110938373,2.49284,-1.30975,0.0461371,-0.644411,-0.356393,Three
1715196028118967173,2.4802,-1.3084,0.0459084,-0.617042,-0.387114,Three
1715196028126995973,2.45679,-1.30042,0.0456449,-0.647892,-0.359182,Three
1715196028131010373,2.46126,-1.30585,0.045676,-0.603741,-0.405697,Three
1715196028139039173,2.46115,-1.31085,0.04507,-0.614062,-0.397886,Three
1715196028147067973,2.44812,-1.3089,0.0449338,-0.419523,-0.596437,Three
1715196028151082373,2.45291,-1.3134,0.0447388,-0.583366,-0.433892,Three
1715196028159111173,2.45196,-1.31787,0.0444813,-0.488964,-0.531126,Three
1715196028167139973,2.44133,-1.3166,0.0444453,-0.535213,-0.487238,Three
1715196028171154373,2.44126,-1.31889,0.0447418,-0.499599,-0.524157,Three
1715196028179183173,2.43092,-1.31742,0.0444917,-0.526698,-0.499751,Three
1715196028187211973,2.43916,-1.32639,0.0445068,-0.491179,-0.538849,Three
1715196028191226373,2.4292,-1.32312,0.0446298,-0.49535,-0.535055,Three
1715196028199255173,2.42758,-1.32647,0.0453844,-0.485027,-0.548472,Three
1715196028207283973,2.42711,-1.33035,0.0452054,-0.424384,-0.611955,Three
1715196028211298373,2.42528,-1.33119,0.0453865,-0.471224,-0.565835,Three
1715196028219327173,2.42093,-1.33249,0.0460127,-0.403972,-0.635172,Three
1715196028227355973,2.42974,-1.34195,0.0455973,-0.404591,-0.637714,Three
1715196028231370373,2.42575,-1.34166,0.0452515,-0.393018,-0.650446,Three
1715196028239399173,2.42415,-1.34431,0.0452972,-0.362829,-0.682207,Three
1715196028247427973,2.41814,-1.34527,0.0447774,-0.32804,-0.719597,Three
1715196028255456773,2.42735,-1.354,0.04424,-0.322888,-0.726806,Three
1715196028259471173,2.4418,-1.36443,0.0442211,-0.3339,-0.717612,Three
1715196028267499973,2.43999,-1.36661,0.0437941,-0.305542,-0.747742,Three
1715196028275528773,2.42226,-1.35984,0.0437062,-0.250788,-0.805025,Three
1715196028279543173,2.4406,-1.37132,0.0462041,-0.274739,-0.781222,Three
1715196028287571973,2.44227,-1.37554,0.0442106,-0.2439,-0.814054,Three
1715196028295600773,2.42577,-1.36862,0.0443333,-0.194455,-0.865574,Three
1715196028299615173,2.43331,-1.37422,0.0439684,-0.199681,-0.860604,Three
1715196028307643973,2.42134,-1.36954,0.044068,-0.149511,-0.912606,Three
1715196028315672773,2.41329,-1.36711,0.0441126,-0.121367,-0.942196,Three
1715196028319687173,2.44138,-1.38451,0.0440098,-0.13434,-0.930208,Three
1715196028327715973,2.43611,-1.38334,0.0436764,-0.104255,-0.961579,Three
1715196028335744773,2.43118,-1.38214,0.0445845,-0.0768411,-0.98919,Three
1715196028343773573,2.46006,-1.40118,0.0441245,-0.0697614,-0.998818,Three
1715196028347787973,2.43585,-1.38771,0.0448101,-0.0394125,-1.02917,Three
1715196028355816773,2.47583,-1.41281,0.0450851,-0.0426997,-1.02698,Three
1715196028359831173,2.4995,-1.42767,0.0452385,-0.0476755,-1.02303,Three
1715196028367859973,2.5184,-1.44065,0.0435519,-0.0338346,-1.03856,Three
1715196028371874373,2.53029,-1.44829,0.0453998,-0.0261501,-1.0466,Three
1715196028379903173,2.58277,-1.48212,0.0457894,-0.0373151,-1.0377,Three
1715196028408003973,2.63693,-1.52127,0.0469927,0.0422752,-1.12549,Three
1715196028416032773,2.79149,-1.18275,0.0491951,-1.23236,0.403862,Three
1715196028420047173,2.77007,-1.17439,0.0493061,-1.22384,0.394045,Three
1715196028428075973,2.69003,-1.14159,0.0502829,-1.22319,0.390843,Three
1715196028436104773,2.64817,-1.125,0.0503502,-1.2115,0.37774,Three
1715196028444133573,2.61392,-1.11209,0.0499242,-1.1959,0.360179,Three
1715196028452162373,2.61094,-1.11277,0.0499759,-1.16708,0.330356,Three
1715196028460191173,2.58613,-1.10384,0.0498613,-1.14981,0.311655,Three
1715196028468219973,2.60097,-1.11308,0.0498712,-1.11132,0.27145,Three
1715196028472234373,2.62193,-1.12387,0.0498693,-1.08729,0.246137,Three
1715196028480263173,2.58088,-1.10814,0.0498361,-1.0774,0.234666,Three
1715196028488291973,2.58916,-1.11443,0.0502597,-1.04339,0.198602,Three
1715196028496320773,2.57382,-1.11031,0.0500524,-1.02253,0.175188,Three
1715196028500335173,2.5731,-1.11186,0.0500745,-1.00698,0.158315,Three
1715196028508363973,2.54595,-1.10282,0.0503252,-0.99478,0.144058,Three
1715196028516392773,2.53269,-1.09968,0.0502578,-0.973739,0.120139,Three
1715196028520407173,2.54262,-1.1057,0.0500379,-0.950196,0.0955409,Three
1715196028528435973,2.53654,-1.10593,0.0501213,-0.926476,0.069888,Three
1715196028532450373,2.4896,-1.08576,0.0502135,-0.945265,0.0875339,Three
1715196028540479173,2.39717,-1.04458,0.0502779,-0.944687,0.0847949,Three
1715196028544493573,2.47676,-1.08469,0.0499927,-0.911976,0.0504497,Three
1715196028552522373,2.47048,-1.08464,0.0504987,-0.890126,0.0268509,Three
1715196028556536773,2.47053,-1.08632,0.0508428,-0.873816,0.00950668,Three
1715196028564565573,2.47998,-1.09417,0.0507463,-0.83728,-0.0288968,Three
1715196028568579973,2.46404,-1.08855,0.0500488,-0.837809,-0.0301703,Three
1715196028576608773,2.46137,-1.09097,0.0502123,-0.810125,-0.0602881,Three
1715196028580623173,2.45766,-1.09125,0.050227,-0.799926,-0.0717566,Three
1715196028588651973,2.45673,-1.09462,0.0502911,-0.77241,-0.101821,Three
1715196028592666373,2.44536,-1.09132,0.0501838,-0.770003,-0.105278,Three
1715196028600695173,2.43158,-1.0886,0.0501475,-0.758897,-0.119799,Three
1715196028604709573,2.44796,-1.09825,0.0502106,-0.723197,-0.156253,Three
1715196028612738373,2.4414,-1.09922,0.0500266,-0.699839,-0.182813,Three
1715196028616752773,2.44385,-1.10259,0.0499117,-0.678456,-0.205281,Three
1715196028624781573,2.42881,-1.09957,0.0497714,-0.676621,-0.210592,Three
1715196028628795973,2.42278,-1.09892,0.0501147,-0.67811,-0.210122,Three
1715196028636824773,2.42429,-1.10378,0.0499559,-0.644798,-0.246769,Three
1715196028640839173,2.42702,-1.10743,0.0500123,-0.620068,-0.273057,Three
1715196028648867973,2.42737,-1.11167,0.0499879,-0.593487,-0.302358,Three
1715196028652882373,2.42498,-1.11293,0.0498895,-0.572551,-0.324891,Three
1715196028660911173,2.41768,-1.11392,0.0499427,-0.586616,-0.313948,Three
1715196028668939973,2.42142,-1.12048,0.0499546,-0.545446,-0.3588,Three
1715196028676968773,2.42152,-1.12481,0.0497715,-0.52132,-0.386292,Three
1715196028684997573,2.40844,-1.12316,0.0501279,-0.502644,-0.408109,Three
1715196028693026373,2.41806,-1.13239,0.0501008,-0.45287,-0.460889,Three
1715196028701055173,2.39717,-1.12644,0.0505637,-0.473841,-0.442409,Three
1715196028709083973,2.41296,-1.13879,0.0504817,-0.431841,-0.487989,Three
1715196028713098373,2.41255,-1.14081,0.0505801,-0.442431,-0.478396,Three
1715196028721127173,2.40367,-1.14067,0.0504416,-0.451064,-0.473213,Three
1715196028729155973,2.40087,-1.14351,0.0502523,-0.381383,-0.545702,Three
1715196028733170373,2.39982,-1.14549,0.0508347,-0.385009,-0.543816,Three
1715196028741199173,2.39543,-1.14744,0.0499671,-0.337641,-0.594486,Three
1715196028749227973,2.39888,-1.15327,0.0505156,-0.330228,-0.60462,Three
1715196028753242373,2.40187,-1.15665,0.050606,-0.320317,-0.615321,Three
1715196028761271173,2.40471,-1.16254,0.0499261,-0.291945,-0.646665,Three
1715196028769299973,2.41738,-1.17289,0.0501694,-0.290338,-0.651677,Three
1715196028773314373,2.40389,-1.16851,0.0482854,-0.25882,-0.684733,Three
1715196028781343173,2.40687,-1.17343,0.0502007,-0.23537,-0.709961,Three
1715196028789371973,2.40067,-1.17417,0.0502507,-0.203164,-0.745795,Three
1715196028793386373,2.40465,-1.17846,0.0497956,-0.192111,-0.758323,Three
1715196028801415173,2.42308,-1.19183,0.0499677,-0.203118,-0.750014,Three
1715196028809443973,2.40458,-1.18648,0.0499602,-0.139287,-0.816685,Three
1715196028813458373,2.39548,-1.18377,0.0499713,-0.122658,-0.834739,Three
1715196028821487173,2.4054,-1.19263,0.0501032,-0.109404,-0.850591,Three
1715196028829515973,2.41292,-1.20017,0.0504448,-0.0917821,-0.87113,Three
1715196028833530373,2.41158,-1.20139,0.0508285,-0.0758381,-0.888463,Three
1715196028841559173,2.46799,-1.2341,0.0512314,-0.103244,-0.863583,Three
1715196028845573573,2.4509,-1.22745,0.0514763,-0.0725395,-0.895243,Three
1715196028897760773,2.49177,-1.27286,0.0535316,0.086785,-1.07607,Three
1715196028901775173,2.46185,-1.25931,0.0531767,0.119018,-1.11042,Three
1715196028905789573,2.47368,-1.26755,0.0529683,0.125083,-1.11753,Three
1715196028925861573,2.48007,-1.27846,0.0524044,0.189002,-1.18688,Three
1715196028933890373,2.76742,-1.02643,0.0447854,-1.23259,0.487852,Three
1715196028937904773,2.47279,-1.27734,0.0530292,0.23921,-1.23875,Three
1715196028945933573,2.49579,-1.29199,0.0536231,0.25594,-1.25669,Three
1715196028953962373,2.73013,-1.01189,0.0456052,-1.17346,0.42785,Three
1715196028961991173,2.69447,-0.999204,0.0453463,-1.15975,0.412762,Three
1715196028966005573,2.72861,-1.01293,0.0448103,-1.13123,0.38431,Three
1715196028974034373,2.64569,-0.981061,0.045019,-1.13638,0.38899,Three
1715196028982063173,2.63897,-0.979417,0.045565,-1.11331,0.364473,Three
1715196028986077573,2.64172,-0.980882,0.0454054,-1.09963,0.350658,Three
1715196028994106373,2.61618,-0.971765,0.0455714,-1.08205,0.331871,Three
1715196029002071408,2.62104,-0.974621,0.0458175,-1.05475,0.304491,Three
1715196029010100208,2.61748,-0.974432,0.0457423,-1.02635,0.274685,Three
1715196029018129008,2.61347,-0.973712,0.0454651,-0.999848,0.247422,Three
1715196029026157808,2.60846,-0.972924,0.0452844,-0.973709,0.220521,Three
1715196029034186608,2.5896,-0.966584,0.0454067,-0.95886,0.205195,Three
1715196029038201008,2.60979,-0.975466,0.0454562,-0.933294,0.177896,Three
1715196029046229808,2.56328,-0.958234,0.0459978,-0.935242,0.179819,Three
1715196029050244208,2.58927,-0.969305,0.0456056,-0.902224,0.146836,Three
1715196029058273008,2.58638,-0.969751,0.0461669,-0.873059,0.11587,Three
1715196029062287408,2.58852,-0.971183,0.0459951,-0.860674,0.102991,Three
1715196029070316208,2.58434,-0.970899,0.0453692,-0.836993,0.0784281,Three
1715196029074330608,2.57083,-0.966084,0.0463263,-0.833569,0.0743078,Three
1715196029082359408,2.5315,-0.952043,0.0457618,-0.835763,0.0756098,Three
1715196029086373808,2.54179,-0.957113,0.0458586,-0.81118,0.050565,Three
1715196029094402608,2.56224,-0.966742,0.0453356,-0.769867,0.00793256,Three
1715196029098417008,2.54143,-0.95944,0.0459562,-0.771748,0.00948003,Three
1715196029106445808,2.51453,-0.950237,0.0453685,-0.771158,0.00729484,Three
1715196029110460208,2.5439,-0.963008,0.0450599,-0.730237,-0.0337479,Three
1715196029118489008,2.56541,-0.973472,0.0455533,-0.676992,-0.0891498,Three
1715196029122503408,2.54299,-0.965299,0.0460829,-0.681744,-0.0855468,Three
1715196029130532208,2.53605,-0.964305,0.0454268,-0.665002,-0.10281,Three
1715196029134546608,2.53036,-0.962692,0.0453361,-0.653176,-0.115105,Three
1715196029142575408,2.51874,-0.95984,0.0454546,-0.66206,-0.107097,Three
1715196029146589808,2.53195,-0.966297,0.0453353,-0.615401,-0.154899,Three
1715196029154618608,2.50945,-0.958909,0.0451146,-0.614392,-0.156966,Three
1715196029158633008,2.5255,-0.96675,0.0433939,-0.596453,-0.176288,Three
1715196029166661808,2.52893,-0.969553,0.0455107,-0.566024,-0.207562,Three
1715196029170676208,2.52156,-0.968179,0.0451367,-0.538095,-0.235505,Three
1715196029226877808,2.51228,-0.97934,0.0459635,-0.368257,-0.416828,Three
1715196029234906608,2.51136,-0.981713,0.0456771,-0.370496,-0.416276,Three
1715196029242935408,2.48827,-0.974705,0.0459827,-0.343496,-0.446024,Three
1715196029246949808,2.50939,-0.984256,0.0457604,-0.355789,-0.434048,Three
1715196029254978608,2.49772,-0.982434,0.0453617,-0.340605,-0.452582,Three
1715196029258993008,2.50131,-0.98449,0.0454125,-0.303928,-0.489827,Three
1715196029267021808,2.5014,-0.986855,0.0455503,-0.268991,-0.527087,Three
1715196029271036208,2.50485,-0.989321,0.0456606,-0.281868,-0.514993,Three
1715196029327237808,2.51723,-1.00775,0.045815,-0.137283,-0.667386,Three
1715196029331252208,2.50958,-1.00559,0.0457544,-0.102872,-0.702129,Three
1715196029375410608,2.52154,-1.02235,0.0471449,0.0651608,-0.881729,Three
1715196029387453808,2.51214,-1.01893,0.0470457,0.0297797,-0.847212,Three
1715196029395482608,2.55155,-1.03934,0.0472168,0.0734894,-0.893502,Three
1715196029403511408,2.70528,-1.10576,0.0464432,-0.0258054,-0.794074,Three
1715196029455698608,2.57922,-1.06113,0.048119,0.265547,-1.09203,Three
1715196029459713008,2.58351,-1.06366,0.0464756,0.277658,-1.10454,Three
1715196029467741808,2.8445,-0.771381,0.0500795,-1.10987,0.544772,Three
1715196029475770608,2.87097,-0.781283,0.0498955,-1.0693,0.502238,Three
1715196029507885808,2.75709,-0.757182,0.0509879,-0.986053,0.409032,Three
1715196029511900208,2.74105,-0.752746,0.0513332,-0.977663,0.399755,Three
1715196029519929008,2.67251,-0.734662,0.0516162,-0.980716,0.400013,Three
1715196029523943408,2.62054,-0.719702,0.0520995,-0.991999,0.410742,Three
1715196029531972208,2.61942,-0.721366,0.0521696,-0.965406,0.382727,Three
1715196029535986608,2.59948,-0.716311,0.0529882,-0.959716,0.376755,Three
1715196029544015408,2.60478,-0.720173,0.0535761,-0.924734,0.340186,Three
1715196029548029808,2.64859,-0.734887,0.0534853,-0.884634,0.299186,Three
1715196029552044208,2.61943,-0.727087,0.0537137,-0.889338,0.303673,Three
1715196029560073008,2.65597,-0.740698,0.0539778,-0.832889,0.24572,Three
1715196029564087408,2.66004,-0.743528,0.0540355,-0.812458,0.224815,Three
1715196029572116208,2.64695,-0.741386,0.0536366,-0.793539,0.205002,Three
1715196029576130608,2.62666,-0.737435,0.0531886,-0.791349,0.201516,Three
1715196029584159408,2.60869,-0.733527,0.0528345,-0.765303,0.174738,Three
1715196029588173808,2.57268,-0.723888,0.0527293,-0.754954,0.164255,Three
1715196029596202608,2.57134,-0.727093,0.051407,-0.756364,0.162491,Three
1715196029600217008,2.56894,-0.728239,0.0513317,-0.745208,0.150206,Three
1715196029608245808,2.53763,-0.721618,0.0507712,-0.744039,0.14689,Three
1715196029612260208,2.53817,-0.723855,0.0513323,-0.729199,0.130767,Three
1715196029620289008,2.52741,-0.723708,0.0512532,-0.705998,0.1052,Three
1715196029624303408,2.50571,-0.718396,0.0513401,-0.712431,0.109999,Three
1715196029628317808,2.51216,-0.722176,0.0516718,-0.696761,0.0931574,Three
1715196029636346608,2.50717,-0.723851,0.0522034,-0.666255,0.0603223,Three
1715196029640361008,2.51882,-0.72933,0.0520124,-0.644059,0.0367134,Three
1715196029648389808,2.5107,-0.730273,0.0519321,-0.623916,0.0139602,Three
1715196029652404208,2.50405,-0.730076,0.0516383,-0.617807,0.00648676,Three
1715196029660433008,2.49108,-0.72995,0.051202,-0.60617,-0.0078111,Three
1715196029664447408,2.49719,-0.733811,0.0507127,-0.580036,-0.0362104,Three
1715196029672476208,2.50312,-0.739687,0.0502784,-0.554983,-0.0641966,Three
1715196029676490608,2.50844,-0.743349,0.0499169,-0.523318,-0.0968951,Three
1715196029684519408,2.48919,-0.740812,0.050079,-0.531094,-0.0922317,Three
1715196029688533808,2.49654,-0.744831,0.0502029,-0.49638,-0.128556,Three
1715196029696562608,2.48151,-0.743752,0.0503896,-0.499464,-0.127902,Three
1715196029700577008,2.48727,-0.747353,0.0503093,-0.472194,-0.156336,Three
1715196029708605808,2.50126,-0.755422,0.0512753,-0.4114,-0.219637,Three
1715196029712620208,2.49197,-0.754485,0.0511539,-0.418794,-0.214266,Three
1715196029720649008,2.49567,-0.75958,0.0517598,-0.369445,-0.266412,Three
1715196029728677808,2.48197,-0.7586,0.0517715,-0.383458,-0.254487,Three
1715196029732692208,2.48267,-0.76111,0.0520173,-0.385763,-0.254981,Three
1715196029740721008,2.48869,-0.766961,0.0521573,-0.31856,-0.324369,Three
1715196029744735408,2.48842,-0.76869,0.051801,-0.30882,-0.33545,Three
1715196029752764208,2.47808,-0.768439,0.0514063,-0.308668,-0.338536,Three
1715196029756778608,2.47765,-0.770646,0.0514312,-0.337231,-0.311246,Three
1715196029764807408,2.48636,-0.777341,0.0512484,-0.311309,-0.339901,Three
1715196029768821808,2.48577,-0.778708,0.0507785,-0.306027,-0.347404,Three
1715196029776850608,2.46677,-0.775895,0.0497935,-0.23929,-0.416156,Three
1715196029780865008,2.47766,-0.78144,0.050353,-0.249433,-0.407414,Three
1715196029788893808,2.47325,-0.783851,0.0504449,-0.197705,-0.461973,Three
1715196029796922608,2.46306,-0.784004,0.0506846,-0.198354,-0.464622,Three
1715196029800937008,2.47731,-0.790765,0.050825,-0.185583,-0.478773,Three
1715196029812980208,2.49764,-0.803088,0.0500807,-0.194365,-0.473993,Three
1715196029821009008,2.49222,-0.804084,0.0506194,-0.429993,-0.239569,Three
1715196029833052208,2.49019,-0.809702,0.0505128,-0.121776,-0.553284,Three
1715196029837066608,2.48525,-0.809782,0.0503013,-0.0969078,-0.579431,Three
1715196029845095408,2.46993,-0.807888,0.0503946,-0.0447619,-0.634596,Three
1715196029849109808,2.48775,-0.815644,0.0500889,-0.069247,-0.610739,Three
1715196029857138608,2.48294,-0.817485,0.0503312,-0.0230423,-0.659524,Three
1715196029861153008,2.48904,-0.821326,0.0505696,-0.020446,-0.664343,Three
1715196029865167408,2.48565,-0.821967,0.0504707,-0.00244173,-0.682711,Three
1715196029873196208,2.46383,-0.817379,0.0506228,0.0423392,-0.730297,Three
1715196029877210608,2.4987,-0.831413,0.0508806,0.0193233,-0.708462,Three
1715196029885239408,2.49799,-0.834188,0.0506939,0.049435,-0.740702,Three
1715196029889253808,2.49456,-0.834087,0.0522024,0.0670111,-0.759281,Three
1715196029897282608,2.4863,-0.834853,0.0517407,0.0992416,-0.794541,Three
1715196029901297008,2.5025,-0.842679,0.0514673,0.100971,-0.797261,Three
1715196029905311408,2.48408,-0.837426,0.0517178,0.123877,-0.821646,Three
1715196029913340208,2.51909,-0.854767,0.0511026,0.101027,-0.802614,Three
1715196029917354608,2.53647,-0.862013,0.0514395,0.122262,-0.82476,Three
1715196029925383408,2.59896,-0.888187,0.0510428,0.11133,-0.817012,Three
1715196029929397808,2.62735,-0.90036,0.05107,0.0952043,-0.802022,Three
1715196029961513008,2.69564,-0.936879,0.0512977,0.189892,-0.907419,Three
1715196029969541808,3.0216,-0.655754,0.0525289,-1.10031,0.636356,Three
1715196029973556208,2.64316,-0.920035,0.0519557,0.26883,-0.989269,Three
1715196029981585008,2.57978,-0.898193,0.0530495,0.331665,-1.05359,Three
1715196029985599408,2.5877,-0.901353,0.0529706,0.342345,-1.06447,Three
1715196029993628208,2.56341,-0.893336,0.054094,0.381268,-1.10471,Three
1715196029997642608,2.57186,-0.896966,0.0541134,0.389863,-1.1136,Three
1715196030005671408,2.74456,-0.585068,0.0512488,-1.06468,0.601593,Three
1715196030009685808,2.74185,-0.584534,0.0503029,-1.04879,0.585544,Three
1715196030017714608,2.7721,-0.591382,0.051105,-1.00953,0.546493,Three
1715196030025743408,2.71196,-0.576639,0.051615,-1.00885,0.546164,Three
1715196030033772208,2.73705,-0.582505,0.0517715,-0.970824,0.508734,Three
1715196030037786608,2.73359,-0.582083,0.0519951,-0.957204,0.494251,Three
1715196030045815408,2.70995,-0.576695,0.0516926,-0.936591,0.473722,Three
1715196030053844208,2.70192,-0.575229,0.0518259,-0.918701,0.45571,Three
1715196030061873008,2.68248,-0.571387,0.0513392,-0.896752,0.432858,Three
1715196030069901808,2.68029,-0.571692,0.0513452,-0.868499,0.40415,Three
1715196030077930608,2.70366,-0.577866,0.0512351,-0.829318,0.364229,Three
1715196030081945008,2.68204,-0.573152,0.0513687,-0.827013,0.362081,Three
1715196030089973808,2.67535,-0.572473,0.0511062,-0.802595,0.337105,Three
1715196030098002608,2.6567,-0.568729,0.0511044,-0.785399,0.319095,Three
1715196030106031408,2.6537,-0.569149,0.0504781,-0.760342,0.293198,Three
1715196030114060208,2.65994,-0.571711,0.0506958,-0.724895,0.257218,Three
1715196030122089008,2.65196,-0.571083,0.0509414,-0.7031,0.234719,Three
1715196030126103408,2.64961,-0.571105,0.0506932,-0.688585,0.219776,Three
1715196030134132208,2.6476,-0.571804,0.0513607,-0.664281,0.19476,Three
1715196030138146608,2.64212,-0.570926,0.0512379,-0.652511,0.181928,Three
1715196030146175408,2.62873,-0.569289,0.0509462,-0.638657,0.16726,Three
1715196030150189808,2.63119,-0.570554,0.0514308,-0.626445,0.154769,Three
1715196030158218608,2.64017,-0.574116,0.0504624,-0.584028,0.110958,Three
1715196030162233008,2.63661,-0.574006,0.050767,-0.56811,0.0946114,Three
1715196030166247408,2.62196,-0.571132,0.0508041,-0.576817,0.103259,Three
1715196030174276208,2.61719,-0.571037,0.0508038,-0.55795,0.0837899,Three
1715196030178290608,2.64044,-0.577495,0.0505832,-0.510426,0.0352736,Three
1715196030186319408,2.61012,-0.571269,0.050603,-0.51607,0.0403603,Three
1715196030190333808,2.65312,-0.582404,0.0509103,-0.440755,-0.0359732,Three
1715196030198362608,2.62436,-0.57652,0.0510915,-0.463527,-0.013769,Three
1715196030202377008,2.5964,-0.570174,0.0515424,-0.484043,0.00689651,Three
1715196030210405808,2.59714,-0.571371,0.0512963,-0.466304,-0.0115174,Three
1715196030214420208,2.61486,-0.57626,0.0512853,-0.41388,-0.0646442,Three
1715196030222449008,2.6063,-0.575725,0.0510936,-0.398063,-0.0809652,Three
1715196030226463408,2.61494,-0.57889,0.0506878,-0.335477,-0.144668,Three
1715196030234492208,2.61023,-0.579023,0.0502364,-0.350379,-0.130145,Three
1715196030238506608,2.6107,-0.579563,0.0498847,-0.349727,-0.13161,Three
1715196030246535408,2.59314,-0.576781,0.0505537,-0.356154,-0.125783,Three
1715196030250549808,2.60404,-0.580329,0.0488007,-0.298803,-0.184633,Three
1715196030254564208,2.61154,-0.582544,0.0486453,-0.286459,-0.197141,Three
1715196030262593008,2.60959,-0.583663,0.0492175,-0.264962,-0.219239,Three
1715196030266607408,2.59227,-0.580091,0.048443,-0.221865,-0.26324,Three
1715196030270621808,2.58212,-0.578399,0.0489742,-0.261029,-0.225239,Three
1715196030278650608,2.59218,-0.582323,0.0489971,-0.243633,-0.24305,Three
1715196030282665008,2.60117,-0.585137,0.0483113,-0.212972,-0.274045,Three
1715196030290693808,2.59133,-0.584329,0.0484367,-0.227676,-0.261063,Three
1715196030346895408,2.60719,-0.599567,0.0491198,-0.111711,-0.385691,Three
1715196030350909808,2.62551,-0.604307,0.0490827,-0.134176,-0.36355,Three
1715196030358938608,2.63957,-0.609858,0.0480088,-0.106303,-0.392831,Three
1715196030362953008,2.64249,-0.611127,0.04988,-0.111335,-0.389643,Three
1715196030391053808,2.67883,-0.626138,0.0504597,-0.055002,-0.452378,Three
1715196030395068208,2.67673,-0.625692,0.0510566,-0.0275149,-0.480877,Three
1715196030447255408,2.71115,-0.642023,0.0508341,0.157722,-0.673936,Three
1715196030451269808,2.73878,-0.650591,0.0509187,0.148158,-0.664292,Three
1715196030459298608,2.76751,-0.658592,0.0516511,0.157274,-0.675126,Three
1715196030463313008,2.7558,-0.655618,0.0511464,0.190362,-0.708324,Three
1715196030471341808,2.66789,-0.632788,0.0512648,0.281706,-0.799865,Three
1715196030475356208,2.67765,-0.635147,0.0517308,0.289437,-0.807583,Three
1715196030483385008,2.77503,-0.661313,0.0520974,0.256377,-0.775972,Three
1715196030487399408,2.77123,-0.660941,0.0518504,0.277222,-0.797362,Three
1715196030495428208,2.73419,-0.652864,0.0513926,0.327046,-0.848531,Three
1715196030499442608,2.6753,-0.636785,0.0514575,0.374077,-0.894894,Three
1715196030507471408,2.6968,-0.642762,0.0516594,0.394366,-0.915199,Three
1715196030511485808,2.70862,-0.64588,0.0514169,0.400595,-0.922102,Three
1715196030519514608,2.84885,-0.307111,0.0590114,-0.980016,0.723794,Three
1715196030523529008,2.84519,-0.306578,0.0591386,-0.96684,0.710838,Three
1715196030527543408,2.89308,-0.313029,0.0589708,-0.934219,0.678203,Three
1715196030535572208,2.91579,-0.316595,0.0589835,-0.894796,0.639228,Three
1715196030539586608,2.92511,-0.317702,0.0588279,-0.877019,0.621388,Three
1715196030547615408,2.89854,-0.314513,0.0585252,-0.852557,0.597832,Three
1715196030575716208,2.80772,-0.30478,0.0570081,-0.784381,0.530691,Three
1715196030579730608,2.83853,-0.309675,0.0570117,-0.759595,0.50516,Three
1715196030583745008,2.748,-0.298168,0.0567357,-0.787974,0.533621,Three
1715196030591773808,2.68728,-0.291497,0.0564567,-0.789416,0.534066,Three
1715196030595788208,2.66531,-0.288995,0.0566779,-0.788879,0.533185,Three
1715196030603817008,2.65924,-0.290366,0.0564053,-0.760338,0.503022,Three
1715196030607831408,2.68429,-0.294407,0.0565755,-0.734317,0.476345,Three
1715196030615860208,2.71513,-0.300655,0.0570944,-0.682354,0.422898,Three
1715196030619874608,2.73077,-0.304224,0.0570574,-0.660293,0.399374,Three
1715196030627903408,2.72673,-0.307121,0.0564772,-0.630772,0.366547,Three
1715196030631917808,2.70844,-0.305445,0.0563843,-0.62874,0.36344,Three
1715196030639946608,2.67427,-0.303487,0.0563162,-0.618919,0.351309,Three
1715196030643961008,2.62451,-0.297493,0.0561989,-0.641787,0.372678,Three
1715196030647975408,2.57165,-0.290887,0.0556384,-0.642244,0.372269,Three
1715196030656004208,2.65231,-0.305129,0.0555389,-0.580464,0.308256,Three
1715196030660018608,2.62836,-0.303248,0.0557924,-0.584212,0.310835,Three
1715196030668047408,2.5876,-0.300017,0.0560436,-0.5885,0.313113,Three
1715196030672061808,2.62405,-0.306452,0.0562518,-0.545108,0.268747,Three
1715196030680090608,2.60147,-0.305849,0.0564551,-0.537601,0.259004,Three
1715196030684105008,2.59941,-0.306915,0.056474,-0.526513,0.246841,Three
1715196030688119408,2.5998,-0.308264,0.0562756,-0.511353,0.230723,Three
1715196030704177008,2.30853,-0.269896,0.0527264,0.356387,-0.644573,Three
1715196030712205808,2.5941,-0.315343,0.05639,-0.441956,0.155577,Three
1715196030720234608,2.59432,-0.318112,0.0567458,-0.418295,0.129961,Three
1715196030724249008,2.57217,-0.316313,0.0561812,-0.4274,0.137842,Three
1715196030732277808,2.58943,-0.321936,0.0561124,-0.378038,0.0857293,Three
1715196030736292208,2.59057,-0.323592,0.0563443,-0.360663,0.0677823,Three
1715196030744321008,2.58391,-0.32583,0.0562162,-0.352616,0.056706,Three
1715196030748335408,2.58144,-0.327236,0.0563262,-0.337545,0.0396661,Three
1715196030756364208,2.58785,-0.331,0.0567055,-0.317323,0.0181124,Three
1715196030760378608,2.5822,-0.331537,0.0569893,-0.300583,-0.00023753,Three
1715196030768407408,2.59146,-0.335455,0.0579115,-0.293049,-0.0103615,Three
1715196030772421808,2.57866,-0.335257,0.0575517,-0.27738,-0.0273902,Three
1715196030780450608,2.58556,-0.339758,0.0581449,-0.263812,-0.0437306,Three
1715196030784465008,2.5791,-0.340418,0.0576667,-0.232626,-0.0761501,Three
1715196030788479408,2.58658,-0.343539,0.0579694,-0.184881,-0.125496,Three
1715196030796508208,2.57987,-0.34613,0.0579218,-0.230531,-0.0826718,Three
1715196030800522608,2.58058,-0.3487,0.0580499,-0.190325,-0.124278,Three
1715196030808551408,2.58096,-0.352529,0.0579982,-0.188482,-0.13012,Three
1715196030812565808,2.57655,-0.35359,0.0580135,-0.176414,-0.143003,Three
1715196030820594608,2.58537,-0.359225,0.0577917,-0.129932,-0.192763,Three
1715196030828623408,2.58588,-0.364094,0.0581257,-0.140606,-0.185813,Three
1715196030832637808,2.58579,-0.366409,0.0580508,-0.140809,-0.188512,Three
1715196030840666608,2.58533,-0.371641,0.0583808,-0.0731513,-0.259724,Three
1715196030844681008,2.58701,-0.373968,0.0581487,-0.0808403,-0.254176,Three
1715196030852709808,2.59115,-0.380432,0.0579991,-0.0373085,-0.301553,Three
1715196030856724208,2.58956,-0.382901,0.0579145,-0.0491996,-0.292271,Three
1715196030864753008,2.58026,-0.386872,0.0577122,-0.0118094,-0.333454,Three
1715196030872781808,2.58985,-0.394361,0.057823,-0.00557645,-0.344769,Three
1715196030880810608,2.59548,-0.401406,0.0578332,0.0400145,-0.394865,Three
1715196030888839408,2.60095,-0.40862,0.057722,0.0409512,-0.400584,Three
1715196030896868208,2.60385,-0.415506,0.0574062,0.0718812,-0.436304,Three
1715196030904897008,2.60185,-0.421649,0.0576268,0.0954116,-0.465292,Three
1715196030912925808,2.61606,-0.430981,0.0575874,0.111643,-0.486587,Three
1715196030916940208,2.60154,-0.431609,0.0579205,0.147665,-0.524721,Three
1715196030924969008,2.6018,-0.438547,0.0574815,0.172659,-0.555788,Three
1715196030928983408,2.61507,-0.444313,0.0577139,0.171031,-0.556279,Three
1715196030937012208,2.61959,-0.452171,0.0577836,0.199414,-0.589919,Three
1715196030941026608,2.6268,-0.456943,0.0577208,0.202995,-0.595935,Three
1715196030949055408,2.62159,-0.462776,0.0575251,0.237344,-0.635369,Three
1715196030957084208,2.62576,-0.47016,0.056853,0.264718,-0.667669,Three
1715196030961098608,2.62648,-0.473486,0.0572329,0.27848,-0.683942,Three
1715196030969127408,2.62002,-0.479397,0.0568293,0.292111,-0.702942,Three
1715196030973141808,2.60466,-0.478658,0.0567605,0.333752,-0.746684,Three
1715196030981170608,2.64673,-0.493767,0.0563924,0.335933,-0.753434,Three
1715196030985185008,2.62798,-0.49302,0.0565645,0.359102,-0.778741,Three
1715196030993213808,2.62966,-0.499453,0.0562865,0.387598,-0.812394,Three
1715196030997152599,2.65746,-0.50831,0.0564177,0.384398,-0.811124,Three
1715196031005181399,2.63107,-0.508444,0.0566954,0.426841,-0.857455,Three
1715196031009195799,2.65794,-0.517161,0.0562579,0.426075,-0.859122,Three
1715196031017224599,2.63732,-0.518465,0.0567394,0.463668,-0.901328,Three
1715196031025253399,2.67545,-0.532547,0.0571614,0.472084,-0.914097,Three
1715196031029267799,2.73593,-0.549637,0.0574148,0.457297,-0.902297,Three
1715196031037296599,2.77154,-0.563799,0.0575206,0.47156,-0.921134,Three
1715196031045325399,2.8479,-0.588249,0.0585089,0.468472,-0.923561,Three
1715196031049339799,2.84821,-0.592238,0.058769,0.485059,-0.943138,Three
1715196031069411799,2.88744,-0.619111,0.0592268,0.550117,-1.02214,Three
1715196031077440599,2.84763,-0.61675,0.0600165,0.595818,-1.0732,Three
1715196031081454999,2.83281,-0.617173,0.0595891,0.613461,-1.09397,Three
1715196031113570199,2.81553,-0.273391,0.0535326,-0.706633,0.468852,Three
1715196031117584599,2.71125,-0.263644,0.053489,-0.751835,0.512557,Three
1715196031125613399,2.72621,-0.272255,0.053669,-0.717628,0.473132,Three
1715196031133642199,2.74853,-0.282089,0.0542768,-0.671089,0.42196,Three
1715196031141670999,2.77948,-0.294134,0.053725,-0.617553,0.361986,Three
1715196031149699799,2.74612,-0.297538,0.0532082,-0.610655,0.34879,Three
1715196031153714199,2.70306,-0.295434,0.0530051,-0.627555,0.362866,Three
1715196031161742999,2.68128,-0.300199,0.0531743,-0.6173,0.347246,Three
1715196031213930199,2.71047,-0.353186,0.0512557,-0.374198,0.0704958,Three
1715196031221958999,2.66364,-0.354196,0.0516831,-0.419139,0.109111,Three
1715196031229987799,2.66003,-0.362134,0.0518779,-0.392049,0.0757265,Three
1715196031238016599,2.65978,-0.370169,0.0521943,-0.3762,0.0536321,Three
1715196031246045399,2.66389,-0.378682,0.0521834,-0.306826,-0.0221876,Three
1715196031250059799,2.65285,-0.380747,0.0520911,-0.321896,-0.010227,Three
1715196031258088599,2.66746,-0.390554,0.052086,-0.301016,-0.0365093,Three
